"Manufacturernumber","Articlenumber","EAN","Technical details","Product category","Technical specifications","Picture normal reduced","Depth m","Width m","Length m","Weight kg","Delivery time days","Type of product","Price quantity","ETIM Features","ETIM","ECLASS Features","ECLASS","PROFICLASS Features","PROFICLASS","Product features"
"","S-1124F-A","","Schnitthöhe1130mm|Schnitttiefe250mm|Gehrung30-90grad|Gewicht komplett11.4000000000000kg|Stromversorgung18V|GrundplatteSiebdruckplatte","","","'https://www.nexmart.com/media/catalog/ampshare/front-ampshare.jpg/normal.jpg","0.28","0.67","1.4","11.4","","",1,"","","","","","",""
"","S-1310-A","","Schnitthöhe1130mm|Schnitttiefe310mm|Gehrung30-90grad|Gewicht komplett13.6000000000000kg|Stromversorgung18V|GrundplatteBirke Mehrschicht, lackiert","","","'https://www.nexmart.com/media/catalog/ampshare/front-ampshare-1.jpg/normal.jpg","0.28","0.67","1.4","13.6","","",1,"","","","","","",""
"","S-1310RW-A","","Schnitthöhe1130mm|Schnitttiefe310mm|Gehrung45– 90 – 135grad|Gewicht komplett14.6000000000000kg|Stromversorgung18V|GrundplatteSiebdruckplatte","","","'https://www.nexmart.com/media/catalog/ampshare/front-ampshare-3.jpg/normal.jpg","0.28","0.67","1.4","14.6","","",1,"","","","","","",""
"","S-1310SD-A","","Schnitthöhe1130mm|Schnitttiefe310mm|Gehrung30-90grad|Gewicht komplett13.6000000000000kg|Stromversorgung18V|GrundplatteSiebdruckplatte","","","'https://www.nexmart.com/media/catalog/ampshare/front-ampshare-2.jpg/normal.jpg","0.28","0.67","1.4","13.6","","",1,"","","","","","",""
"","S-UL55-22-K","","Schnitthöhe550mm|Schnitttiefe220mm|Gehrung45-90grad|Gewicht komplett3.90000000000000kg|Stromversorgung18V|GrundplatteEdelstahl","","","'https://www.nexmart.com/media/catalog/ampshare/888_ul55-22_k_front_2.png/normal.png","0.19","0.45","0.86","3.9","","",1,"","","","","","",""
"","S-UL55-22-KA","","Schnitthöhe550mm|Schnitttiefe220mm|Gehrung45-90grad|Gewicht komplett3.90000000000000kg|Stromversorgung18V|GrundplatteEdelstahl","","","'https://www.nexmart.com/media/catalog/ampshare/ul55-22-ka-front-1.png/normal.png","0.19","0.45","0.86","3.9","","",1,"","","","","","",""
"","A010.00115","","Spaltkraft10Ton|Schnittbreite330mm|Schnitthöhe20-120 mmmm|Messer4-seitig verwendbar|Auflageplatten1x feste Auflageplatte, 1 x gefederte Auflageplatte|Geeignet fürPflasterklinker, Granitpflaster, Betonpflaster, Verbundsteine","","","'https://www.nexmart.com/media/catalog/ampshare/el33-1__1_.png/normal.png","0.76","0.45","0.55","66.0","","",1,"","","","","","",""
"0 601 6B4 000","06016B4000","","TitelAkku-Tauchsäge BITURBO GKT 18V-52 GC Professional|Neuheit bis01.08.2020|SOL Datum01.05.2020|Verpackungsabmessungen (Breite)360mm|Verpackungsabmessungen (Länge)444mm|Verpackungsabmessungen (Höhe)254mm|Verpackungsabmessungen (Breite x Länge x Höhe)360 x 444 x 254mm|Akkuspannung18,0 V|Sägeblattbohrungs-20mm|Leerlaufdrehzahl, von2.800min-1|Leerlaufdrehzahl, bis zu5.500min-1|Leerlaufdrehzahl2.800 – 5.500min-1|Gewicht exkl. Akku4,1kg|Sägeblattdurchmesser140mm|Führungsplatte (Länge)305mm|Führungsplatte (Breite)169mm|Führungsplatte305 x 169mm|Neigungswinkel, von-1°|Neigungswinkel, bis47°|Neigungswinkel-1 - 47°|Werkzeugabmessungen (Breite)209mm|Werkzeugabmessungen (Länge)374mm|Werkzeugabmessungen (Höhe)234mm|Schnitttiefe ohne Führungsschiene (90°)52mm|Schnitttiefe mit Führungsschiene (90°)46mm|Schnitttiefe ohne Führungsschiene (45°)32mm|Schnitttiefe mit Führungsschiene (45°)32mm|Unterteilung der ProduktkategorienAkku-Tauchsäge BITURBO","","","'https://www.nexmart.com/media/catalog/ampshare/bosch/img-rd-298552-117_jpg/detail.jpg/normal.jpg","0.254","0.36","0.444","4.032","","main_product",1,"","","","","","",""
"0 601 9J4 002","06019J4002","","TitelAkku-Winkelschleifer GWS 18V-10 Professional|Neuheit bis01.08.2020|Verpackungsabmessungen (Breite)160mm|Verpackungsabmessungen (Länge)395mm|Verpackungsabmessungen (Höhe)135mm|Verpackungsabmessungen (Breite x Länge x Höhe)160 x 395 x 135mm|Akkuspannung18,0 V|Leerlaufdrehzahl, bis zu9.000min-1|Leerlaufdrehzahl9.000min-1|SchleifspindelgewindeM14|Gewicht exkl. Akku2,1kg|Scheiben-125mm|Unterteilung der ProduktkategorienAkku-Winkelschleifer","","","'https://www.nexmart.com/media/catalog/ampshare/bosch/img-rd-318277-117_jpg/detail.jpg/normal.jpg","0.135","0.16","0.395","1.424","","main_product",1,"","","","","","",""
"0 601 9H6 000","06019H6000","","TitelAkku-Winkelschleifer BITURBO GWS 18V-15 C Professional|Neuheit bis15.11.2020|Verpackungsabmessungen (Breite)100mm|Verpackungsabmessungen (Länge)150mm|Verpackungsabmessungen (Höhe)100mm|Verpackungsabmessungen (Breite x Länge x Höhe)100 x 150 x 100mm|Akkuspannung18,0 V|Gewicht inkl. Akku3,2kg|Leerlaufdrehzahl, bis zu9.800min-1|Leerlaufdrehzahl9.800min-1|SchleifspindelgewindeM14|Bohrung, 22,2mm|Gewicht exkl. Akku2,2kg|Scheiben-125mm|Unterteilung der ProduktkategorienAkku-Winkelschleifer BITURBO","","","'https://www.nexmart.com/media/catalog/ampshare/bosch/img-rd-292812-117_jpg/detail.jpg/normal.jpg","0.1","0.1","0.15","2.3","","main_product",1,"","","","","","",""
"0 601 9H6 100","06019H6100","","TitelAkku-Winkelschleifer BITURBO GWS 18V-15 SC Professional|Neuheit bis15.11.2020|Verpackungsabmessungen (Breite)360mm|Verpackungsabmessungen (Länge)440mm|Verpackungsabmessungen (Höhe)155mm|Verpackungsabmessungen (Breite x Länge x Höhe)360 x 440 x 155mm|Akkuspannung18,0 V|Gewicht inkl. Akku3,2kg|Leerlaufdrehzahl, von3.400min-1|Leerlaufdrehzahl, bis zu9.800min-1|Leerlaufdrehzahl3.400 – 9.800min-1|SchleifspindelgewindeM14|Bohrung, 22,2mm|Gewicht exkl. Akku2,3kg|Scheiben-125mm|Unterteilung der ProduktkategorienAkku-Winkelschleifer BITURBO","","","'https://www.nexmart.com/media/catalog/ampshare/bosch/img-rd-293532-117_jpg/detail.jpg/normal.jpg","0.155","0.36","0.44","1.745","","main_product",1,"","","","","","",""
"0 601 9H6 300","06019H6300","","TitelAkku-Winkelschleifer BITURBO GWS 18V-15 SC Professional|Neuheit bis15.11.2020|Verpackungsabmessungen (Breite)360mm|Verpackungsabmessungen (Länge)442mm|Verpackungsabmessungen (Höhe)152mm|Verpackungsabmessungen (Breite x Länge x Höhe)360 x 442 x 152mm|Akkuspannung18,0 V|Gewicht inkl. Akku3,3kg|Leerlaufdrehzahl, von2.600min-1|Leerlaufdrehzahl, bis zu7.400min-1|Leerlaufdrehzahl2.600 – 7.400min-1|SchleifspindelgewindeM14|Bohrung, 22,2mm|Gewicht exkl. Akku2,3kg|Scheiben-150mm|Unterteilung der ProduktkategorienAkku-Winkelschleifer BITURBO","","","'https://www.nexmart.com/media/catalog/ampshare/bosch/img-rd-293532-117_jpg/detail.jpg/normal.jpg","0.152","0.36","0.442","1.78","","main_product",1,"","","","","","",""
"0 601 9H6 400","06019H6400","","TitelAkku-Winkelschleifer BITURBO mit X-LOCK GWX 18V-15 C Professional|Neuheit bis01.07.2020|Verpackungsabmessungen (Breite)360mm|Verpackungsabmessungen (Länge)450mm|Verpackungsabmessungen (Höhe)155mm|Verpackungsabmessungen (Breite x Länge x Höhe)360 x 450 x 155mm|Akkuspannung18,0 V|Gewicht inkl. Akku3,3kg|Leerlaufdrehzahl, bis zu9.800min-1|Leerlaufdrehzahl9.800min-1|Gewicht exkl. Akku2,3kg|Scheiben-125mm|Unterteilung der ProduktkategorienAkku-Winkelschleifer BITURBO mit X-LOCK","","","'https://www.nexmart.com/media/catalog/ampshare/bosch/img-rd-304190-117_jpg/detail.jpg/normal.jpg","0.155","0.36","0.45","1.865","","main_product",1,"","","","","","",""
"0 601 7B0 100","06017B0100","","TitelAkku-Winkelschleifer mit X-LOCK GWX 18V-10 Professional|Neuheit bis01.08.2020|Verpackungsabmessungen (Breite)135mm|Verpackungsabmessungen (Länge)390mm|Verpackungsabmessungen (Höhe)70mm|Verpackungsabmessungen (Breite x Länge x Höhe)135 x 390 x 70mm|Akkuspannung18,0 V|Leerlaufdrehzahl, bis zu9.000min-1|Leerlaufdrehzahl9.000min-1|Gewicht exkl. Akku2kg|Scheiben-125mm|Unterteilung der ProduktkategorienAkku-Winkelschleifer mit X-LOCK","","","'https://www.nexmart.com/media/catalog/ampshare/bosch/img-rd-329425-117_jpg/detail.jpg/normal.jpg","0.07","0.135","0.39","1.545","","main_product",1,"","","","","","",""
"0 601 372 201","","","TitelAkku-Exzenterschleifer GEX 18V-125 Professional|Neuheit bis01.06.2021|SOL Datum01.05.2021|Verpackungsabmessungen (Breite)189mm|Verpackungsabmessungen (Länge)237mm|Verpackungsabmessungen (Höhe)127mm|Verpackungsabmessungen (Breite x Länge x Höhe)189 x 237 x 127mm|Akkuspannung18,0 V|Schleifteller-125mm|Leerlaufdrehzahl, von6.000U/min|Leerlaufdrehzahl, bis zu10.000U/min|Leerlaufdrehzahl6.000 – 10.000U/min|Schwingzahl, von12.000min-1|Schwingzahl, bis zu20.000min-1|Schwingzahl12.000 – 20.000min-1|Exzentrizität1,25mm|SchleifmittelbefestigungKlettverschluss|Gewicht exkl. Akku1,1kg|Gewicht inkl. Akku1,6kg|Werkzeugabmessungen (Breite)153mm|Werkzeugabmessungen (Länge)224mm|Werkzeugabmessungen (Höhe)108mm|Schwingkreisdurchmesser2,5mm|Unterteilung der ProduktkategorienAkku-Exzenterschleifer","","","'https://www.nexmart.com/media/catalog/ampshare/bosch/img-rd-340413-117_jpg/detail.jpg/normal.jpg","0.127","0.189","0.237","1.092","","main_product",1,"","","","","","",""
"0 601 2A0 400","","","TitelAkku-Bandsäge GCB 18V-63 Professional|Neuheit bis01.10.2020|Verpackungsabmessungen (Breite)291mm|Verpackungsabmessungen (Länge)383mm|Verpackungsabmessungen (Höhe)208mm|Verpackungsabmessungen (Breite x Länge x Höhe)291 x 383 x 208mm|Akkuspannung18,0 V|Gewicht inkl. Akku4,3kg|Leerlaufdrehzahl162m/min|Sägeblätterabmessung, Länge733mm|Sägeblätterabmessung, Breite12,7mm|Sägeblätterabmessung, Höhe0,35mm|Sägeblätterabmessungen733 x 12,7 x 0,35mm|Max. Schnitttiefe63,5mm|Gewicht exkl. Akku3,3kg|Unterteilung der ProduktkategorienAkku-Bandsäge","","","'https://www.nexmart.com/media/catalog/ampshare/bosch/img-rd-329834-117_jpg/detail.jpg/normal.jpg","0.208","0.291","0.383","3.4","","main_product",1,"","","","","","",""
"0 601 9J7 000","","","TitelAkku-Winkelschleifer mit X-LOCK GWX 18V-8 Professional|Neuheit bis01.05.2020|Verpackungsabmessungen (Breite)167mm|Verpackungsabmessungen (Länge)379mm|Verpackungsabmessungen (Höhe)104mm|Verpackungsabmessungen (Breite x Länge x Höhe)167 x 379 x 104mm|Akkuspannung18,0 V|Gewicht inkl. Akku2,6kg|Leerlaufdrehzahl, bis zu11.000min-1|Leerlaufdrehzahl11.000min-1|Gewicht exkl. Akku1,8kg|Scheiben-125mm|Gummischleifteller, 125mm|Unterteilung der ProduktkategorienAkku-Winkelschleifer mit X-LOCK","","","'https://www.nexmart.com/media/catalog/ampshare/bosch/img-rd-304334-117_jpg/detail.jpg/normal.jpg","0.104","0.167","0.379","1.505","","main_product",1,"","","","","","",""
"0 601 9H9 001","","","TitelAkku-Winkelschleifer GWS 18V-7 Professional|Neuheit bis01.12.2020|Verpackungsabmessungen (Breite)118mm|Verpackungsabmessungen (Länge)118mm|Verpackungsabmessungen (Höhe)360mm|Verpackungsabmessungen (Breite x Länge x Höhe)118 x 118 x 360mm|Akkuspannung18,0 V|Gewicht inkl. Akku2,2kg|Leerlaufdrehzahl, bis zu11.000min-1|Leerlaufdrehzahl11.000min-1|SchleifspindelgewindeM14|Bohrung, 22,2mm|Gewicht exkl. Akku1,6kg|Scheiben-125mm|Unterteilung der ProduktkategorienAkku-Winkelschleifer","","","'https://www.nexmart.com/media/catalog/ampshare/bosch/img-rd-334270-117_jpg/detail.jpg/normal.jpg","0.36","0.118","0.118","2.8","","main_product",1,"","","","","","",""
"0 601 9H5 202","06019H5202","","TitelAkku-Bohrschrauber GSR 18V-55 Professional|Neuheit bis01.07.2020|Verpackungsabmessungen (Breite)263mm|Verpackungsabmessungen (Länge)323mm|Verpackungsabmessungen (Höhe)114mm|Verpackungsabmessungen (Breite x Länge x Höhe)263 x 323 x 114mm|Bohr- Holz, max.35mm|Akkuspannung18,0 V|Drehmoment (weich)28Nm|Drehmoment (hart)55Nm|Drehmoment (weich/hart/max.)28/55/-Nm|AkkutypLithium-Ionen|Leerlaufdrehzahl, 1. Gang, von0min-1|Leerlaufdrehzahl, 1. Gang, bis460min-1|Leerlaufdrehzahl, 2. Gang, von0min-1|Leerlaufdrehzahl, 2. Gang, bis1.800min-1|Leerlaufdrehzahl (1. Gang / 2. Gang)0 – 460 / 0 – 1.800min-1|Bohrfutterspannbereich, min.1,5mm|Bohrfutterspannbereich, max.13mm|Bohrfutterspannbereich, min./max.1,5 / 13mm|Gewicht exkl. Akku1kg|Drehmomentstufen (Standard)20|Drehmomentstufen (zusätzlich)1|Drehmomentstufen20+1|Bohr- Stahl, max.13mm|Schrauben-, max.10mm|Unterteilung der ProduktkategorienAkku-Bohrschrauber","","","'https://www.nexmart.com/media/catalog/ampshare/bosch/img-rd-375508-117_jpg/detail.jpg/normal.jpg","0.114","0.263","0.323","1.684","","main_product",1,"","","","","","",""
"0 601 4A3 100","06014A3100","","TitelRadio GPB 18V-2 SC Professional|Neuheit bis01.06.2021|Verpackungsabmessungen (Breite)200mm|Verpackungsabmessungen (Länge)372mm|Verpackungsabmessungen (Höhe)160mm|Verpackungsabmessungen (Breite x Länge x Höhe)200 x 372 x 160mm|Akkuspannung18,0 V|Radiofrequenzbereich FM, von87,5MHz|Radiofrequenzbereich FM, bis zu108MHz|Radiofrequenzbereich FM87,5 – 108MHz|Radiofrequenzbereich DAB+, von174,928MHz|Radiofrequenzbereich DAB+, bis239,2MHz|Radiofrequenzbereich DAB+174,928 – 239,2MHz|Speicherplätze FM8|Speicherplätze DAB+8|Eingangsspannung(en) Akku, von18V|Eingangsspannung(en) Akku18V|Speicherplätze16|Eingangsspannung(en) Netz, von100V|Eingangsspannung(en) Netz, bis zu240V|Eingangsspannung(en) Netz100 – 240V|Ausgangsspannung(en) Netz18V|Gewicht exkl. Akku2,5kg|Nennleistung Verstärker (bei Netzbetrieb)15W|Unterteilung der ProduktkategorienRadio","","","'https://www.nexmart.com/media/catalog/ampshare/bosch/img-rd-332751-117_jpg/detail.jpg/normal.jpg","0.16","0.2","0.372","2.89","","main_product",1,"","","","","","",""
"0 601 B43 000","0601B43000","","Neigungseinstellung, links47°|Neigungseinstellung, rechts47°|Neigungseinstellung47 ° L / 47 ° R|TitelAkku-Kapp- und Gehrungssäge BITURBO GCM 18V-305 GDC Professional|Neuheit bis01.12.2020|SOL Datum20.11.2020|Verpackungsabmessungen (Breite)585mm|Verpackungsabmessungen (Länge)783mm|Verpackungsabmessungen (Höhe)572mm|Verpackungsabmessungen (Breite x Länge x Höhe)585 x 783 x 572mm|Akkuspannung18,0 V|Sägeblattdurchmesser305mm|Gewicht26,6kg|Schnittkapazität bei 0°, Höhe104mm|Schnittkapazität bei 0°, Breite341mm|Schnittkapazität 0°104 x 341mm|Schneidekapazität 0° mit Abstandshalter (max. vertikal), Höhe120mm|Schneidekapazität 0° mit Abstandshalter (max. vertikal), Breite200mm|Schnittkapazität 0° mit Abstandshalter (max. vertikal)120 x 200mm|Schneidekapazität 0° mit Abstandshalter (max. horizontal), Höhe45mm|Schneidekapazität 0° mit Abstandshalter (max. horizontal), Breite400mm|Schnittkapazität 0° mit Abstandshalter (max. horizontal)45 x 400mm|Schnittkapazität bei 45° Gehrung, Höhe104mm|Schnittkapazität bei 45° Gehrung, Breite240mm|Schnittkapazität 45° Gehrung104 x 240mm|Schnittkapazität bei 45° Neigung, Höhe40mm|Schnittkapazität bei 45° Neigung, Breite341mm|Schnittkapazität 45°-Neigung40 x 341mm|Gehrungseinstellung, links52°|Gehrungseinstellung, rechts60°|Gehrungseinstellung52 ° L / 60 ° R|Werkzeugabmessungen (Breite)565mm|Werkzeugabmessungen (Länge)630mm|Werkzeugabmessungen (Höhe)790mm|Werkzeugabmessungen (Breite x Länge x Höhe)565 x 630 x 790mm|Leerlaufdrehzahl, von2.550min-1|Leerlaufdrehzahl, bis zu4.000min-1|Leerlaufdrehzahl2.550 – 4.000min-1|Sägeblattbohrungs-30mm|Unterteilung der ProduktkategorienAkku-Kapp- und Gehrungssäge BITURBO","","","'https://www.nexmart.com/media/catalog/ampshare/bosch/img-rd-331495-117_jpg/detail.jpg/normal.jpg","0.572","0.585","0.783","32.7","","main_product",1,"","","","","","",""
"0 611 914 001","0611914001","","TitelAkku-Bohrhammer BITURBO mit SDS plus GBH 18V-34 CF Professional|Neuheit bis01.04.2021|Werkzeugabmessungen (Länge)430mm|Verpackungsabmessungen (Breite)499mm|Verpackungsabmessungen (Länge)618mm|Verpackungsabmessungen (Höhe)147mm|Verpackungsabmessungen (Breite x Länge x Höhe)499 x 618 x 147mm|Akkuspannung18,0 V|Schlagenergie (gemäß EPTA 05/2016)5,8J|Schlagzahl bei Nenndrehzahl, von0bpm|Schlagzahl bei Nenndrehzahl, bis zu2.900bpm|Schlagzahl bei Nenndrehzahl0 – 2.900bpm|Nenndrehzahl, von0min-1|Nenndrehzahl, bis zu500min-1|Nenndrehzahl0 – 500min-1|Gewicht exkl. Akku4,9kg|WerkzeugaufnahmeSDS plus|Bohr- Beton mit Hammerbohrern, von8mm|Bohr- Beton mit Hammerbohrern, bis32mm|Bohr- in Beton mit Hammerbohrern8 – 32mm|Rec. app. range in concr. with ham. dr. bits, from12mm|Rec. app. range in concr. with hammer dr. bits, to30mm|Optimaler Einsatzbereich Beton mit Hammerbohrern12 – 30mm|Max. Bohrdurchmesser in Metall13mm|Max. Bohr- Holz40mm|Unterteilung der ProduktkategorienAkku-Bohrhammer BITURBO mit SDS plus","","","'https://www.nexmart.com/media/catalog/ampshare/bosch/img-rd-316331-117_jpg/detail.jpg/normal.jpg","0.147","0.499","0.618","5.014","","main_product",1,"","","","","","",""
"0 601 6B5 000","06016B5000","","Sägeblattdurchmesser190mm|Sägeblattbohrungs-30mm|Max. Schnittkapazität in Holz (90°)70mm|Max. Schnittkapazität in Holz (45°)49,5mm|TitelAkku-Kreissäge BITURBO GKS 18V-68 C Professional|Neuheit bis01.12.2020|Verpackungsabmessungen (Breite)280mm|Verpackungsabmessungen (Länge)435mm|Verpackungsabmessungen (Höhe)245mm|Verpackungsabmessungen (Breite x Länge x Höhe)280 x 435 x 245mm|Akkuspannung18,0 V|Gewicht inkl. Akku0,0kg|Leerlaufdrehzahl, von5.000min-1|Leerlaufdrehzahl5.000min-1|Gewicht exkl. Akku4kg|FührungsschienenkompatibelNein|Max. Schnittkapazität in Metall (90°)0mm|Unterteilung der ProduktkategorienAkku-Kreissäge BITURBO","","","'https://www.nexmart.com/media/catalog/ampshare/bosch/img-rd-319929-117_jpg/detail.jpg/normal.jpg","0.245","0.28","0.435","4.654","","main_product",1,"","","","","","",""
"0 611 913 000","0611913000","","TitelAkku-Bohrhammer BITURBO mit SDS max GBH 18V-45 C Professional|Neuheit bis18.01.2021|Werkzeugabmessungen (Länge)545mm|Verpackungsabmessungen (Breite)411mm|Verpackungsabmessungen (Länge)618mm|Verpackungsabmessungen (Höhe)149mm|Verpackungsabmessungen (Breite x Länge x Höhe)411 x 618 x 149mm|Akkukapazität12,0Ah|Akkuspannung18,0 V|Schlagenergie (gemäß EPTA 05/2016)12,5J|Schlagzahl bei Nenndrehzahl, von0bpm|Schlagzahl bei Nenndrehzahl, bis zu2.740bpm|Schlagzahl bei Nenndrehzahl0 – 2.740bpm|Nenndrehzahl, von0min-1|Nenndrehzahl, bis zu300min-1|Nenndrehzahl0 – 300min-1|Gewicht exkl. Akku8kg|WerkzeugaufnahmeSDS max|Bohr- Beton mit Hammerbohrern, von12mm|Bohr- Beton mit Hammerbohrern, bis45mm|Bohr- in Beton mit Hammerbohrern12 – 45mm|Rec. app. range in concr. with ham. dr. bits, from20mm|Rec. app. range in concr. with hammer dr. bits, to40mm|Optimaler Einsatzbereich Beton mit Hammerbohrern20 – 40mm|Unterteilung der ProduktkategorienAkku-Bohrhammer BITURBO mit SDS max","","","'https://www.nexmart.com/media/catalog/ampshare/bosch/img-rd-304306-117_jpg/detail.jpg/normal.jpg","0.149","0.411","0.618","7.8","","main_product",1,"","","","","","",""
"","503039","4058205035798","Anzahl leistungsstarker Automotive LEDs30LEDs|Lichstrom (im Boost-Modus)32000Lumen|Leuchtweite (im Boost-Modus, bis zu)2000Meter|Leuchtdauer (im Low-Modus, bis zu)16Stunden|Anzahl Lichtfunktionen (Boost, 5 Helligkeitsstufen, Stroboskop)7|Akkuenergie90Wh|Akkukapazität5000mAh|Ladezeit80Minuten|Reichweite Fernbedienung200Meter|IP SchutzklasseIP54","","","'https://www.nexmart.com/media/catalog/ampshare/xp30r_503039_a_main_image.png/normal.png","0.18","0.212","0.306","3.6","","",1,"","","","","","",""
"","P00M1-12V","","","","","'https://www.nexmart.com/media/catalog/ampshare/planum_mach_1/planum_mach_1_-_12v/planum_mach_1_-_12v_.jpg/normal.jpg","0.22","0.3","0.4","4.9","","",1,"","","","","","",""
"0 601 6A8 102","06016A8109","3165140951784","Hubzahl, 1. Gang0min-1|Hubzahl, 2. Gang2.500min-1|Hubzahl (1. Gang / 2. Gang)0 - 2.500min-1|TitelAkku-Säbelsäge GSA 18V-32 Professional|Verpackungsabmessungen (Breite)329mm|Verpackungsabmessungen (Länge)548mm|Verpackungsabmessungen (Höhe)152mm|Verpackungsabmessungen (Breite x Länge x Höhe)329 x 548 x 152mm|Akkuspannung18,0 V|Schnitttiefe in Holz230mm|Schnitttiefe in Metallprofilen und Metallrohren175mm|Hublänge, 1. Gang32mm|Hublängen32mm|Gewicht exkl. Akku3,5kg|Unterteilung der ProduktkategorienAkku-Säbelsäge","","","'https://www.nexmart.com/media/catalog/ampshare/bosch/img-rd-235537-117_jpg/normal.jpg/normal.jpg","0.152","0.329","0.548","3.5","","main_product",1,"","","","","","",""
"0 601 6C1 200","06016C1200","4059952610573","Sägeblattdurchmesser165mm|Sägeblattbohrungs-20mm|TitelAkku-Kreissäge GKS 18V-57-2 Professional|Neuheit bis02.08.2022|Verpackungsabmessungen (Breite)245mm|Verpackungsabmessungen (Länge)440mm|Verpackungsabmessungen (Höhe)300mm|Verpackungsabmessungen (Breite x Länge x Höhe)245 x 440 x 300mm|Akkuspannung18,0 V|Gewicht inkl. Akku3,2kg|Leerlaufdrehzahl, von5.000min-1|Leerlaufdrehzahl5.000min-1|Gewicht exkl. Akku2,8kg|FührungsschienenkompatibelNein|Max. Schnittkapazität in Holz (90°)57mm|Max. Schnittkapazität in Holz (45°)41mm|Unterteilung der ProduktkategorienAkku-Kreissäge","","","'https://www.nexmart.com/media/catalog/ampshare/bosch/img-rd-384168-117_jpg/detail.jpg/normal.jpg","0.3","0.245","0.44","2.91","","main_product",1,"","","","","","",""
"0 601 6C0 000","06016C0000","4059952581439","Hubzahl, 1. Gang2.900min-1|Hubzahl (1. Gang / 2. Gang)2.900min-1|TitelAkku-Säbelsäge BITURBO GSA 18V-28 Professional|Verpackungsabmessungen (Breite)185mm|Verpackungsabmessungen (Länge)500mm|Verpackungsabmessungen (Höhe)108mm|Verpackungsabmessungen (Breite x Länge x Höhe)185 x 500 x 108mm|Akkuspannung18,0 V|Schnitttiefe in Holz230mm|Schnitttiefe in Metallprofilen und Metallrohren150mm|Hublänge, 1. Gang28mm|Hublängen28mm|Gewicht exkl. Akku3,2kg|Unterteilung der ProduktkategorienAkku-Säbelsäge BITURBO","","","'https://www.nexmart.com/media/catalog/ampshare/bosch/img-rd-374256-117_jpg/detail.jpg/normal.jpg","0.108","0.185","0.5","3.2","","main_product",1,"","","","","","",""
"0 601 2B4 001","06012B4001","4059952529868","TitelAkku-Geradschleifer GGS 18V-10 SLC Professional|Neuheit bis01.12.2020|Verpackungsabmessungen (Breite)159mm|Verpackungsabmessungen (Länge)506mm|Verpackungsabmessungen (Höhe)112mm|Verpackungsabmessungen (Breite x Länge x Höhe)159 x 506 x 112mm|Akkuspannung18,0 V|Leerlaufdrehzahl10.500min-1|Gewicht exkl. Akku1,6kg|WerkzeugaufnahmeSpannzange|Unterteilung der ProduktkategorienAkku-Geradschleifer","","","'https://www.nexmart.com/media/catalog/ampshare/bosch/img-rd-325638-117_jpg/detail.jpg/normal.jpg","0.112","0.159","0.506","1.58","","main_product",1,"","","","","","",""
"0 601 620 100","0601620100","3165140939843","TitelFlachdübelfräse GFF 18V-22 Professional|Neuheit bis01.12.2024|SOL Datum01.09.2024|Werkzeugabmessungen (Breite)140mm|Werkzeugabmessungen (Länge)386mm|Werkzeugabmessungen (Höhe)179mm|Verpackungsabmessungen (Breite)150mm|Verpackungsabmessungen (Länge)416mm|Verpackungsabmessungen (Höhe)188mm|Verpackungsabmessungen (Breite x Länge x Höhe)150 x 416 x 188mm|Akkuspannung18,0 V|Max. Schnitttiefe22mm|Leerlaufdrehzahl, bis zu11.000min-1|Leerlaufdrehzahl11.000min-1|Fräserdurchmesser Bohrung22,0mm|Fräserdurchmesser105,0mm|Gewicht exkl. Akku2,6kg|Unterteilung der ProduktkategorienFlachdübelfräse","","","'https://www.nexmart.com/media/catalog/ampshare/bosch/img-rd-453548-117_jpg/detail.jpg/normal.jpg","0.188","0.15","0.416","2.6","","main_product",1,"","","","","","",""
"0 601 4A6 200","06014A6200","4053423301526","TitelRadio GPB 18VH-6 SRC Professional|Neuheit bis01.12.2024|Verpackungsabmessungen (Breite)253mm|Verpackungsabmessungen (Länge)485mm|Verpackungsabmessungen (Höhe)360mm|Verpackungsabmessungen (Breite x Länge x Höhe)253 x 485 x 360mm|Akkuspannung12V-Li-Ion-Akku|Radiofrequenzbereich FM, von87,5MHz|Radiofrequenzbereich FM, bis zu108MHz|Radiofrequenzbereich FM87,5 – 108MHz|Radiofrequenzbereich DAB+, von174,928MHz|Radiofrequenzbereich DAB+, bis239,2MHz|Radiofrequenzbereich DAB+174,928 – 239,2MHz|Speicherplätze FM5|Speicherplätze DAB+5|Eingangsspannung(en) Netz, von220V|Eingangsspannung(en) Netz, bis zu240V|Eingangsspannung(en) Netz220 – 240V|Ausgangsspannung(en) Netz230V|Unterteilung der ProduktkategorienRadio","","","'https://www.nexmart.com/media/catalog/ampshare/bosch/img-rd-454101-117_jpg/detail.jpg/normal.jpg","0.36","0.253","0.485","9.3","","main_product",1,"","","","","","",""
"0 601 4A6 000","06014A6000","4053423301649","TitelBluetooth®-Lautsprecher GPB 18V-6 C Professional|Neuheit bis01.12.2024|Verpackungsabmessungen (Breite)233mm|Verpackungsabmessungen (Länge)380mm|Verpackungsabmessungen (Höhe)360mm|Verpackungsabmessungen (Breite x Länge x Höhe)233 x 380 x 360mm|Akkuspannung18,0 V|Gewicht exkl. Akku5,6kg|Unterteilung der ProduktkategorienBluetooth®-Lautsprecher","","","'https://www.nexmart.com/media/catalog/ampshare/bosch/img-rd-455305-117_jpg/detail.jpg/normal.jpg","0.36","0.233","0.38","5.54","","main_product",1,"","","","","","",""
"0 601 9H6 L01","06019H6L01","4053423246186","TitelAkku-Winkelschleifer BITURBO GWS 18V-180 P Professional|Neuheit bis01.12.2023|Verpackungsabmessungen (Breite)239mm|Verpackungsabmessungen (Länge)349mm|Verpackungsabmessungen (Höhe)116mm|Verpackungsabmessungen (Breite x Länge x Höhe)239 x 349 x 116mm|Akkuspannung18,0 V|Leerlaufdrehzahl, bis zu6.100min-1|Leerlaufdrehzahl6.100min-1|SchleifspindelgewindeM14|Bohrung, 22,2mm|Gewicht exkl. Akku2,8kg|Scheiben-180mm|Gummischleifteller, 180mm|Bemessungs-Leerlaufdrehzahl7000min-1|Unterteilung der ProduktkategorienAkku-Winkelschleifer BITURBO","","","'https://www.nexmart.com/media/catalog/ampshare/bosch/img-rd-409302-117_jpg/detail.jpg/normal.jpg","0.116","0.239","0.349","2.8","","main_product",1,"","","","","","",""
"0 601 6B8 000","06016B8000","4059952548296","Sägeblattdurchmesser136mm|Sägeblattbohrungs-20mm|Max. Schnittkapazität in Holz (90°)0mm|Max. Schnittkapazität in Holz (45°)0mm|TitelAkku-Kreissäge GKM 18V-50 Professional|Neuheit bis01.04.2023|Verpackungsabmessungen (Breite)263mm|Verpackungsabmessungen (Länge)358mm|Verpackungsabmessungen (Höhe)221mm|Verpackungsabmessungen (Breite x Länge x Höhe)263 x 358 x 221mm|Akkuspannung18,0 V|Leerlaufdrehzahl, von4.250min-1|Leerlaufdrehzahl4.250min-1|Gewicht exkl. Akku2,2kg|FührungsschienenkompatibelNein|Max. Schnittkapazität in Metall (90°)50mm|Unterteilung der ProduktkategorienAkku-Kreissäge","","","'https://www.nexmart.com/media/catalog/ampshare/bosch/img-rd-342781-117_jpg/detail.jpg/normal.jpg","0.221","0.263","0.358","2.54","","main_product",1,"","","","","","",""
"0 601 6B9 000","06016B9000","4059952577913","Sägeblattdurchmesser190mm|Sägeblattbohrungs-30mm|TitelAkku-Kreissäge BITURBO GKS 18V-70 L Professional|Neuheit bis01.04.2023|Verpackungsabmessungen (Breite)228mm|Verpackungsabmessungen (Länge)426mm|Verpackungsabmessungen (Höhe)330mm|Verpackungsabmessungen (Breite x Länge x Höhe)228 x 426 x 330mm|Akkuspannung18,0 V|Leerlaufdrehzahl, bis zu5.000min-1|Leerlaufdrehzahl5.000min-1|Gewicht exkl. Akku4,1kg|FührungsschienenkompatibelNein|Max. Schnittkapazität in Holz (90°)70mm|Max. Schnittkapazität in Holz (45°)49mm|Unterteilung der ProduktkategorienAkku-Kreissäge BITURBO","","","'https://www.nexmart.com/media/catalog/ampshare/bosch/img-rd-354327-117_jpg/detail.jpg/normal.jpg","0.33","0.228","0.426","4.29","","main_product",1,"","","","","","",""
"0 601 6C1 100","06016C1100","4059952610627","","","","'https://www.nexmart.com/media/catalog/ampshare/bosch/img-rd-389408-117_jpg/detail.jpg/normal.jpg","0.3","0.245","0.44","2.9","","main_product",1,"","","","","","",""
"0 601 5B3 001","06015B3001","4059952589008","TitelAkku-Stichsäge GST 18V-125 B Professional|Neuheit bis01.08.2023|Verpackungsabmessungen (Breite)230mm|Verpackungsabmessungen (Länge)290mm|Verpackungsabmessungen (Höhe)95mm|Verpackungsabmessungen (Breite x Länge x Höhe)230 x 290 x 95mm|Akkuspannung18,0 V|Hubzahl bei Leerlauf, von0min-1|Hubzahl bei Leerlauf, bis zu3.500min-1|Hubzahl bei Leerlauf0 – 3.500min-1|Hubhöhe26mm|Gewicht exkl. Akku2kg|Schnitttiefe in Holz125mm|Schnitttiefe in Alu20mm|Schnitttiefe in Stahl unlegiert10mm|Neigungswinkel-45 – 45°|Unterteilung der ProduktkategorienAkku-Stichsäge","","","'https://www.nexmart.com/media/catalog/ampshare/bosch/img-rd-376830-117_jpg/detail.jpg/normal.jpg","0.095","0.23","0.29","1.95","","main_product",1,"","","","","","",""
"0 601 9L5 000","06019L5000","4059952610528","TitelAkku-Drehschlagschrauber GDS 18V-330 HC Professional|Neuheit bis01.08.2023|Werkzeugabmessungen (Breite)77mm|Werkzeugabmessungen (Länge)145mm|Werkzeugabmessungen (Höhe)205mm|Verpackungsabmessungen (Breite)224mm|Verpackungsabmessungen (Länge)234mm|Verpackungsabmessungen (Höhe)94mm|Verpackungsabmessungen (Breite x Länge x Höhe)224 x 234 x 94mm|Leerlaufdrehzahl, von0U/min|Leerlaufdrehzahl, bis zu2.800U/min|Leerlaufdrehzahl0-2.800U/min|Akkuspannung18,0 V|Werkzeugaufnahme1/2\-Vierkant-Sprengring und Sicherungsbohrung|Losbrechmoment, max.560Nm|Drehmomenteinstellbereich, min. 1. Stufe0Nm|Drehmomenteinstellbereich, max. 1. Stufe200Nm|Drehmomenteinstellbereich, min./max., 1. Stufe0/200Nm|Drehmomenteinstellbereich, min. 2. Stufe0Nm|Drehmomenteinstellbereich, max. 2. Stufe260Nm|Drehmomenteinstellbereich, min./max., 2. Stufe0/260Nm|Drehmomenteinstellbereich, min. 3. Stufe0Nm|Drehmomenteinstellbereich, max. 3. Stufe330Nm|Drehmomenteinstellbereich, min./max., 3. Stufe0/330Nm|Leerlaufdrehzahl, 1. Stufe, von0min-1|Leerlaufdrehzahl, 1. Stufe, bis1.200min-1|Leerlaufdrehzahl (1. Stufe)0-1.200min-1|Leerlaufdrehzahl, 2. Stufe, von0min-1|Leerlaufdrehzahl, 2. Stufe, bis1.900min-1|Leerlaufdrehzahl (2. Stufe)0-1.900min-1|Leerlaufdrehzahl (3. Stufe)0-2.800min-1|Gewicht exkl. Akku1,2kg|Drehmoment, max.330Nm|Schlagzahl, bis zu2.800bpm|Schlagzahl2.800bpm|Schlagzahl (1. Stufe)0-2.400bpm|Schlagzahl (2. Stufe)0-3.100bpm|Schlagzahl (3. Stufe)0-3.800bpm|Unterteilung der ProduktkategorienAkku-Drehschlagschrauber""","","","'https://www.nexmart.com/media/catalog/ampshare/bosch/img-rd-388939-117_jpg/detail.jpg/normal.jpg","0.094","0.224","0.234","1.2","","main_product",1,"","","","","","",""
"0 601 5B2 001","06015B2001","4059952589084","","","","'https://www.nexmart.com/media/catalog/ampshare/bosch/img-rd-388801-117_jpg/detail.jpg/normal.jpg","0.23","0.1","0.29","1.931","","main_product",1,"","","","","","",""
"0 611 920 000","0611920000","4059952563640","TitelAkku-Bohrhammer mit SDS plus GBH 18V-28 C Professional|Neuheit bis01.08.2023|Werkzeugabmessungen (Länge)363mm|Verpackungsabmessungen (Breite)277mm|Verpackungsabmessungen (Länge)432mm|Verpackungsabmessungen (Höhe)100mm|Verpackungsabmessungen (Breite x Länge x Höhe)277 x 432 x 100mm|Akkuspannung18,0 V|Schlagenergie (gemäß EPTA 05/2016)3,3J|Schlagzahl bei Nenndrehzahl, bis zu4.220bpm|Schlagzahl bei Nenndrehzahl4.220bpm|Gewicht exkl. Akku3,3kg|WerkzeugaufnahmeSDS plus|Bohr- Beton mit Hammerbohrern, von4mm|Bohr- Beton mit Hammerbohrern, bis28mm|Bohr- in Beton mit Hammerbohrern4 – 28mm|Rec. app. range in concr. with ham. dr. bits, from8mm|Rec. app. range in concr. with hammer dr. bits, to18mm|Optimaler Einsatzbereich Beton mit Hammerbohrern8 – 18mm|Max. Bohrdurchmesser in Metall13mm|Max. Bohr- Holz30mm|Unterteilung der ProduktkategorienAkku-Bohrhammer mit SDS plus","","","'https://www.nexmart.com/media/catalog/ampshare/bosch/img-rd-385775-117_jpg/detail.jpg/normal.jpg","0.1","0.277","0.432","3.256","","main_product",1,"","","","","","",""
"0 611 921 001","0611921001","4059952611686","TitelAkku-Bohrhammer mit SDS plus GBH 18V-28 CF Professional|Neuheit bis01.08.2023|Werkzeugabmessungen (Länge)392mm|Verpackungsabmessungen (Breite)360mm|Verpackungsabmessungen (Länge)445mm|Verpackungsabmessungen (Höhe)255mm|Verpackungsabmessungen (Breite x Länge x Höhe)360 x 445 x 255mm|Akkuspannung18,0 V|Schlagenergie (gemäß EPTA 05/2016)3,3J|Schlagzahl bei Nenndrehzahl, bis zu4.220bpm|Schlagzahl bei Nenndrehzahl4.220bpm|Gewicht exkl. Akku3,4kg|WerkzeugaufnahmeSDS plus|Bohr- Beton mit Hammerbohrern, von4mm|Bohr- Beton mit Hammerbohrern, bis28mm|Bohr- in Beton mit Hammerbohrern4 – 28mm|Rec. app. range in concr. with ham. dr. bits, from8mm|Rec. app. range in concr. with hammer dr. bits, to18mm|Optimaler Einsatzbereich Beton mit Hammerbohrern8 – 18mm|Max. Bohrdurchmesser in Metall13mm|Max. Bohr- Holz30mm|Unterteilung der ProduktkategorienAkku-Bohrhammer mit SDS plus","","","'https://www.nexmart.com/media/catalog/ampshare/bosch/img-rd-385861-117_jpg/detail.jpg/normal.jpg","0.442","0.357","0.253","6.8","","main_product",1,"","","","","","",""
"0 600 8D2 000","06008D2000","4059952654898","TitelAkku-Laubbläser GBL 18V-750 Professional|Neuheit bis29.08.2023|Verpackungsabmessungen (Breite)254mm|Verpackungsabmessungen (Länge)510mm|Verpackungsabmessungen (Höhe)325mm|Verpackungsabmessungen (Breite x Länge x Höhe)254 x 510 x 325mm|Akkuspannung18,0 V|Max. Luftgeschwindigkeit198km/h|Max. Luftdurchsatz780m³/h|Gewicht exkl. Akku2,8kg|Unterteilung der ProduktkategorienAkku-Laubbläser","","","'https://www.nexmart.com/media/catalog/ampshare/bosch/img-rd-398952-117_jpg/detail.jpg/normal.jpg","0.325","0.254","0.51","2.8","","main_product",1,"","","","","","",""
"0 601 9L0 100","06019L0100","4059952606224","TitelAkku-Schwingschleifer GSS 18V-13 Professional|Neuheit bis01.04.2023|Verpackungsabmessungen (Breite)163mm|Verpackungsabmessungen (Länge)285mm|Verpackungsabmessungen (Höhe)138mm|Verpackungsabmessungen (Breite x Länge x Höhe)163 x 285 x 138mm|Akkuspannung18,0 V|Schwingzahl bei Leerlauf, von12.000min-1|Schwingzahl bei Leerlauf, bis zu20.000min-1|Schwingzahl im Leerlauf12.000 – 20.000min-1|Schwingkreisdurchmesser1,6mm|Gewicht exkl. Akku1,1kg|Schleifplatte, Breite80mm|Schleifplatte, Länge130mm|Leerlaufdrehzahl, von6000U/min|Leerlaufdrehzahl, bis zu10000U/min|Leerlaufdrehzahl6000 – 10000U/min|Unterteilung der ProduktkategorienAkku-Schwingschleifer","","","'https://www.nexmart.com/media/catalog/ampshare/bosch/img-rd-375516-117_jpg/detail.jpg/normal.jpg","0.138","0.163","0.285","1.17","","main_product",1,"","","","","","",""
"0 611 923 000","0611923000","4053423235074","Schlagenergie (gemäß EPTA 05/2016)2,4J|TitelAkku-Bohrhammer mit SDS plus GBH 18V-24 C Professional|Neuheit bis01.04.2023|Werkzeugabmessungen (Länge)337mm|Verpackungsabmessungen (Breite)240mm|Verpackungsabmessungen (Länge)370mm|Verpackungsabmessungen (Höhe)100mm|Verpackungsabmessungen (Breite x Länge x Höhe)240 x 370 x 100mm|Akkuspannung18,0 V|Schlagzahl bei Nenndrehzahl, von0bpm|Schlagzahl bei Nenndrehzahl, bis zu4.350bpm|Schlagzahl bei Nenndrehzahl0 – 4.350bpm|Nenndrehzahl, von0min-1|Nenndrehzahl, bis zu980min-1|Nenndrehzahl0 – 980min-1|Gewicht exkl. Akku2,9kg|WerkzeugaufnahmeSDS plus|Bohr- Beton mit Hammerbohrern, von4mm|Bohr- Beton mit Hammerbohrern, bis24mm|Bohr- in Beton mit Hammerbohrern4 – 24mm|Rec. app. range in concr. with ham. dr. bits, from6mm|Rec. app. range in concr. with hammer dr. bits, to14mm|Optimaler Einsatzbereich Beton mit Hammerbohrern6 – 14mm|Max. Bohrdurchmesser in Metall13mm|Max. Bohr- Holz30mm|Unterteilung der ProduktkategorienAkku-Bohrhammer mit SDS plus","","","'https://www.nexmart.com/media/catalog/ampshare/bosch/img-rd-375110-117_jpg/detail.jpg/normal.jpg","0.1","0.24","0.37","2.9","","main_product",1,"","","","","","",""
"0 601 9K6 100","06019K6100","4059952577715","TitelAkku-Schlagbohrschrauber GSB 18V-90 C Professional|Neuheit bis01.12.2022|Werkzeugabmessungen (Höhe)210mm|Verpackungsabmessungen (Breite)224mm|Verpackungsabmessungen (Länge)94mm|Verpackungsabmessungen (Höhe)234mm|Verpackungsabmessungen (Breite x Länge x Höhe)224 x 94 x 234mm|Bohr- Holz, max.68mm|Akkuspannung18,0 V|Drehmoment (weich)36Nm|Drehmoment (hart)64Nm|Drehmoment (weich/hart/max.)36/64/-Nm|Leerlaufdrehzahl, 1. Gang, von0min-1|Leerlaufdrehzahl, 1. Gang, bis630min-1|Leerlaufdrehzahl, 2. Gang, von0min-1|Leerlaufdrehzahl, 2. Gang, bis2.100min-1|Leerlaufdrehzahl (1. Gang / 2. Gang)0 – 630 / 0 – 2.100min-1|Schlagzahl, max.29.500bpm|Bohrfutterspannbereich, min.1,5mm|Bohrfutterspannbereich, min./max.1,5mm|Gewicht exkl. Akku1,2kg|Drehmomentstufen (Standard)21|Drehmomentstufen21|Bohr- Stahl, max.13mm|Schrauben-, max.12mm|Unterteilung der ProduktkategorienAkku-Schlagbohrschrauber","","","'https://www.nexmart.com/media/catalog/ampshare/bosch/img-rd-374824-117_jpg/detail.jpg/normal.jpg","0.234","0.224","0.094","1.392","","main_product",1,"","","","","","",""
"0 601 9J8 000","06019J8000","4059952509785","TitelAkku-Drehschlagschrauber GDS 18V-1000 C Professional|Neuheit bis01.12.2021|Werkzeugabmessungen (Breite)86mm|Werkzeugabmessungen (Länge)222mm|Werkzeugabmessungen (Höhe)240mm|Verpackungsabmessungen (Breite)270mm|Verpackungsabmessungen (Länge)288mm|Verpackungsabmessungen (Höhe)109mm|Verpackungsabmessungen (Breite x Länge x Höhe)270 x 288 x 109mm|Leerlaufdrehzahl, von0U/min|Leerlaufdrehzahl, bis zu1.750U/min|Leerlaufdrehzahl0-1.750U/min|Akkuspannung18,0 V|Werkzeugaufnahme1/2'' Vierkant|Losbrechmoment, max.1600Nm|Drehmomenteinstellbereich, min. 1. Stufe0Nm|Drehmomenteinstellbereich, max. 1. Stufe350Nm|Drehmomenteinstellbereich, min./max., 1. Stufe0/350Nm|Drehmomenteinstellbereich, min. 2. Stufe0Nm|Drehmomenteinstellbereich, max. 2. Stufe650Nm|Drehmomenteinstellbereich, min./max., 2. Stufe0/650Nm|Drehmomenteinstellbereich, min. 3. Stufe0Nm|Drehmomenteinstellbereich, max. 3. Stufe1000Nm|Drehmomenteinstellbereich, min./max., 3. Stufe0/1000Nm|Leerlaufdrehzahl, 1. Stufe, von0min-1|Leerlaufdrehzahl, 1. Stufe, bis800min-1|Leerlaufdrehzahl (1. Stufe)0-800min-1|Leerlaufdrehzahl, 2. Stufe, von0min-1|Leerlaufdrehzahl, 2. Stufe, bis1.300min-1|Leerlaufdrehzahl (2. Stufe)0-1.300min-1|Leerlaufdrehzahl (3. Stufe)0-1.750min-1|Drehmomentstufen3|Gewicht exkl. Akku2,9kg|Drehmoment, max.1000Nm|Schlagzahl, von0bpm|Schlagzahl, bis zu2.600bpm|Schlagzahl0-2.600bpm|Schlagzahl (1. Stufe)0-1.600bpm|Schlagzahl (2. Stufe)0-2.300bpm|Schlagzahl (3. Stufe)0-2.600bpm|SchraubengrößeM 14 - M 24|Unterteilung der ProduktkategorienAkku-Drehschlagschrauber","","","'https://www.nexmart.com/media/catalog/ampshare/bosch/img-rd-356149-117_jpg/detail.jpg/normal.jpg","0.109","0.27","0.288","2.9","","main_product",1,"","","","","","",""
"0 601 9J8 200","06019J8200","4059952509907","TitelAkku-Drehschlagschrauber GDS 18V-1050 HC Professional|Neuheit bis01.12.2021|Werkzeugabmessungen (Breite)86mm|Werkzeugabmessungen (Länge)222mm|Werkzeugabmessungen (Höhe)240mm|Verpackungsabmessungen (Breite)269mm|Verpackungsabmessungen (Länge)291mm|Verpackungsabmessungen (Höhe)109mm|Verpackungsabmessungen (Breite x Länge x Höhe)269 x 291 x 109mm|Leerlaufdrehzahl, von0U/min|Leerlaufdrehzahl, bis zu1.700U/min|Leerlaufdrehzahl0-1.700U/min|Akkuspannung18,0 V|Werkzeugaufnahme3/4'' Vierkant|Losbrechmoment, max.1700Nm|Drehmomenteinstellbereich, min. 1. Stufe0Nm|Drehmomenteinstellbereich, max. 1. Stufe350Nm|Drehmomenteinstellbereich, min./max., 1. Stufe0/350Nm|Drehmomenteinstellbereich, min. 2. Stufe0Nm|Drehmomenteinstellbereich, max. 2. Stufe650Nm|Drehmomenteinstellbereich, min./max., 2. Stufe0/650Nm|Drehmomenteinstellbereich, min. 3. Stufe0Nm|Drehmomenteinstellbereich, max. 3. Stufe1050Nm|Drehmomenteinstellbereich, min./max., 3. Stufe0/1050Nm|Leerlaufdrehzahl, 1. Stufe, von0min-1|Leerlaufdrehzahl, 1. Stufe, bis800min-1|Leerlaufdrehzahl (1. Stufe)0-800min-1|Leerlaufdrehzahl, 2. Stufe, von0min-1|Leerlaufdrehzahl, 2. Stufe, bis1.300min-1|Leerlaufdrehzahl (2. Stufe)0-1.300min-1|Leerlaufdrehzahl (3. Stufe)0-1.750min-1|Drehmomentstufen3|Gewicht exkl. Akku2,9kg|Drehmoment, max.1050Nm|Schlagzahl, von0bpm|Schlagzahl, bis zu2.600bpm|Schlagzahl0-2.600bpm|Schlagzahl (1. Stufe)0-1.600bpm|Schlagzahl (2. Stufe)0-2.300bpm|Schlagzahl (3. Stufe)0-2.600bpm|SchraubengrößeM 14 - M 24|Unterteilung der ProduktkategorienAkku-Drehschlagschrauber","","","'https://www.nexmart.com/media/catalog/ampshare/bosch/img-rd-356060-117_jpg/detail.jpg/normal.jpg","0.109","0.269","0.291","2.9","","main_product",1,"","","","","","",""
"0 601 9K6 202","06019K6202","4059952617411","Drehmoment (max.)90Nm|TitelAkku-Bohrschrauber GSR 18V-90 FC Professional|Neuheit bis01.08.2023|Werkzeugabmessungen (Höhe)210mm|Verpackungsabmessungen (Breite)224mm|Verpackungsabmessungen (Länge)234mm|Verpackungsabmessungen (Höhe)94mm|Verpackungsabmessungen (Breite x Länge x Höhe)224 x 234 x 94mm|Bohr- Holz, max.68mm|Akkuspannung18,0 V|Drehmoment (weich)36Nm|Drehmoment (hart)64Nm|Drehmoment (weich/hart/max.)36/64/-Nm|AkkutypLithium-Ionen|Leerlaufdrehzahl, 1. Gang, von0min-1|Leerlaufdrehzahl, 1. Gang, bis630min-1|Leerlaufdrehzahl, 2. Gang, von0min-1|Leerlaufdrehzahl, 2. Gang, bis2.100min-1|Leerlaufdrehzahl (1. Gang / 2. Gang)0 – 630 / 0 – 2.100min-1|Bohrfutterspannbereich, min.1,5mm|Bohrfutterspannbereich, max.13mm|Bohrfutterspannbereich, min./max.1,5 / 13mm|Gewicht exkl. Akku0,92kg|Drehmomentstufen (Standard)21|Drehmomentstufen21|Bohr- Stahl, max.13mm|Schrauben-, max.12mm|Unterteilung der ProduktkategorienAkku-Bohrschrauber","","","'https://www.nexmart.com/media/catalog/ampshare/bosch/img-rd-381278-117_jpg/detail.jpg/normal.jpg","0.094","0.224","0.234","0.94","","main_product",1,"","","","","","",""
"0 601 8G2 001","06018G2001","4059952606842","TitelMulti-Cutter GOP 18V-34 Professional|Neuheit bis01.04.2024|Verpackungsabmessungen (Breite)115mm|Verpackungsabmessungen (Länge)316mm|Verpackungsabmessungen (Höhe)95mm|Verpackungsabmessungen (Breite x Länge x Höhe)115 x 316 x 95mm|Akkuspannung18,0 V|Leerlaufschwingzahl, bis zu20.000min-1|Leerlaufschwingzahl20.000min-1|Oszillationswinkel links und rechts1,7°|Gewicht exkl. Akku1,2kg|Unterteilung der ProduktkategorienMulti-Cutter","","","'https://www.nexmart.com/media/catalog/ampshare/bosch/img-rd-404544-117_jpg/detail.jpg/normal.jpg","0.095","0.115","0.316","1.2","","main_product",1,"","","","","","",""
"0 601 9J2 105","06019J2105","4059952596655","TitelAkku-Drehschlagschrauber GDR 18V-200 Professional|Neuheit bis01.08.2021|Werkzeugabmessungen (Breite)61mm|Werkzeugabmessungen (Länge)126mm|Werkzeugabmessungen (Höhe)206mm|Verpackungsabmessungen (Breite)184mm|Verpackungsabmessungen (Länge)225mm|Verpackungsabmessungen (Höhe)96mm|Verpackungsabmessungen (Breite x Länge x Höhe)184 x 225 x 96mm|Leerlaufdrehzahl, von0U/min|Leerlaufdrehzahl, bis zu3.400U/min|Leerlaufdrehzahl0-3.400U/min|Akkuspannung18,0 V|Werkzeugaufnahme1/4'' Sechskant Uni|Leerlaufdrehzahl, 1. Stufe, von0min-1|Leerlaufdrehzahl, 1. Stufe, bis3.400min-1|Leerlaufdrehzahl (1. Stufe)0-3.400min-1|Gewicht exkl. Akku1,1kg|Drehmoment, max.200Nm|Schlagzahl, von0bpm|Schlagzahl, bis zu4.000bpm|Schlagzahl0-4.000bpm|SchraubengrößeM 6 – M 16|Unterteilung der ProduktkategorienAkku-Drehschlagschrauber","","","'https://www.nexmart.com/media/catalog/ampshare/bosch/img-rd-320029-117_jpg/normal.jpg/normal.jpg","0.096","0.184","0.225","1.2","","main_product",1,"","","","","","",""
"0 601 9J2 204","06019J2204","4059952596686","TitelAkku-Drehschlagschrauber GDX 18V-200 Professional|Neuheit bis01.08.2021|Werkzeugabmessungen (Breite)61mm|Werkzeugabmessungen (Länge)147mm|Werkzeugabmessungen (Höhe)206mm|Verpackungsabmessungen (Breite)184mm|Verpackungsabmessungen (Länge)224mm|Verpackungsabmessungen (Höhe)96mm|Verpackungsabmessungen (Breite x Länge x Höhe)184 x 224 x 96mm|Leerlaufdrehzahl, von0U/min|Leerlaufdrehzahl, bis zu3.400U/min|Leerlaufdrehzahl0-3.400U/min|Akkuspannung18,0 V|Werkzeugaufnahme1/4'' Sechskant Uni|Losbrechmoment, max.350Nm|Leerlaufdrehzahl, 1. Stufe, von0min-1|Leerlaufdrehzahl, 1. Stufe, bis3.400min-1|Leerlaufdrehzahl (1. Stufe)0-3.400min-1|Gewicht exkl. Akku1,2kg|Drehmoment, max.200Nm|Schlagzahl, von0bpm|Schlagzahl, bis zu4.200bpm|Schlagzahl0-4.200bpm|SchraubengrößeM 6 – M 16|Unterteilung der ProduktkategorienAkku-Drehschlagschrauber","","","'https://www.nexmart.com/media/catalog/ampshare/bosch/img-rd-319739-117_jpg/normal.jpg/normal.jpg","0.096","0.184","0.224","1.2","","main_product",1,"","","","","","",""
"0 601 6B5 100","06016B5100","3165140931847","Max. Schnittkapazität in Holz (90°)68mm|Max. Schnittkapazität in Holz (45°)50mm|TitelAkku-Kreissäge BITURBO GKS 18V-68 GC Professional|Neuheit bis15.10.2020|Verpackungsabmessungen (Breite)360mm|Verpackungsabmessungen (Länge)445mm|Verpackungsabmessungen (Höhe)255mm|Verpackungsabmessungen (Breite x Länge x Höhe)360 x 445 x 255mm|Akkuspannung18,0 V|Leerlaufdrehzahl, von2.500min-1|Leerlaufdrehzahl, bis zu5.000min-1|Leerlaufdrehzahl2.500 – 5.000min-1|Gewicht exkl. Akku4,3kg|FührungsschienenkompatibelJa|Unterteilung der ProduktkategorienAkku-Kreissäge BITURBO","","","'https://www.nexmart.com/media/catalog/ampshare/bosch/img-rd-298517-117_jpg/detail.jpg/normal.jpg","0.255","0.36","0.445","7.2","","main_product",1,"","","","","","",""
"0 601 9J0 300","06019J0300","4059952560328","TitelAkku-Drehschlagschrauber GDS 18V-210 C Professional|Neuheit bis01.04.2022|Werkzeugabmessungen (Breite)61mm|Werkzeugabmessungen (Länge)134mm|Werkzeugabmessungen (Höhe)205mm|Verpackungsabmessungen (Breite)184mm|Verpackungsabmessungen (Länge)222mm|Verpackungsabmessungen (Höhe)99mm|Verpackungsabmessungen (Breite x Länge x Höhe)184 x 222 x 99mm|Leerlaufdrehzahl, von0U/min|Leerlaufdrehzahl, bis zu3.400U/min|Leerlaufdrehzahl0-3.400U/min|Akkuspannung18,0 V|Werkzeugaufnahme1/2'' Vierkant|Losbrechmoment, max.370Nm|Drehmomenteinstellbereich, min. 1. Stufe0Nm|Drehmomenteinstellbereich, max. 1. Stufe90Nm|Drehmomenteinstellbereich, min./max., 1. Stufe0/90Nm|Drehmomenteinstellbereich, min. 2. Stufe0Nm|Drehmomenteinstellbereich, max. 2. Stufe160Nm|Drehmomenteinstellbereich, min./max., 2. Stufe0/160Nm|Drehmomenteinstellbereich, min. 3. Stufe0Nm|Drehmomenteinstellbereich, max. 3. Stufe210Nm|Drehmomenteinstellbereich, min./max., 3. Stufe0/210Nm|Leerlaufdrehzahl, 1. Stufe, von0min-1|Leerlaufdrehzahl, 1. Stufe, bis1.100min-1|Leerlaufdrehzahl (1. Stufe)0-1.100min-1|Leerlaufdrehzahl, 2. Stufe, von0min-1|Leerlaufdrehzahl, 2. Stufe, bis2.300min-1|Leerlaufdrehzahl (2. Stufe)0-2.300min-1|Leerlaufdrehzahl (3. Stufe)0-3.400min-1|Drehmomentstufen3|Gewicht exkl. Akku1,1kg|Drehmoment, max.210Nm|Schlagzahl, von0bpm|Schlagzahl, bis zu4.100bpm|Schlagzahl0-4.100bpm|Schlagzahl (1. Stufe)0-2.200bpm|Schlagzahl (2. Stufe)0-3.300bpm|Schlagzahl (3. Stufe)0-4.100bpm|SchraubengrößeM 6 – M 16|Unterteilung der ProduktkategorienAkku-Drehschlagschrauber","","","'https://www.nexmart.com/media/catalog/ampshare/bosch/img-rd-346679-117_jpg/detail.jpg/normal.jpg","0.099","0.184","0.222","1.2","","main_product",1,"","","","","","",""
"0 601 9J8 300","06019J8300","4059952564562","TitelAkku-Drehschlagschrauber GDS 18V-1000 Professional|Neuheit bis01.08.2021|Werkzeugabmessungen (Breite)86mm|Werkzeugabmessungen (Länge)222mm|Werkzeugabmessungen (Höhe)240mm|Verpackungsabmessungen (Breite)268mm|Verpackungsabmessungen (Länge)292mm|Verpackungsabmessungen (Höhe)102mm|Verpackungsabmessungen (Breite x Länge x Höhe)268 x 292 x 102mm|Leerlaufdrehzahl, von0U/min|Leerlaufdrehzahl, bis zu1.750U/min|Leerlaufdrehzahl0-1.750U/min|Akkuspannung18,0 V|Werkzeugaufnahme1/2'' Vierkant|Losbrechmoment, max.1600Nm|Drehmomenteinstellbereich, min. 1. Stufe0Nm|Drehmomenteinstellbereich, max. 1. Stufe350Nm|Drehmomenteinstellbereich, min./max., 1. Stufe0/350Nm|Drehmomenteinstellbereich, min. 2. Stufe0Nm|Drehmomenteinstellbereich, max. 2. Stufe700Nm|Drehmomenteinstellbereich, min./max., 2. Stufe0/700Nm|Drehmomenteinstellbereich, min. 3. Stufe0Nm|Drehmomenteinstellbereich, max. 3. Stufe1000Nm|Drehmomenteinstellbereich, min./max., 3. Stufe0/1000Nm|Leerlaufdrehzahl, 1. Stufe, von0min-1|Leerlaufdrehzahl, 1. Stufe, bis800min-1|Leerlaufdrehzahl (1. Stufe)0-800min-1|Leerlaufdrehzahl, 2. Stufe, von0min-1|Leerlaufdrehzahl, 2. Stufe, bis1.200min-1|Leerlaufdrehzahl (2. Stufe)0-1.200min-1|Leerlaufdrehzahl (3. Stufe)0-1.750min-1|Drehmomentstufen3|Gewicht exkl. Akku2,9kg|Drehmoment, max.1000Nm|Schlagzahl, von0bpm|Schlagzahl, bis zu2.600bpm|Schlagzahl0-2.600bpm|Schlagzahl (1. Stufe)0-1.600bpm|Schlagzahl (2. Stufe)0-2.400bpm|Schlagzahl (3. Stufe)0-2.600bpm|SchraubengrößeM 14 - M 24|Unterteilung der ProduktkategorienAkku-Drehschlagschrauber","","","'https://www.nexmart.com/media/catalog/ampshare/bosch/img-rd-333679-117_jpg/detail.jpg/normal.jpg","0.102","0.268","0.292","2.9","","main_product",1,"","","","","","",""
"0 601 5B0 001","06015B0001","4059952545837","Hubzahl bei Leerlauf, von800min-1|Hubzahl bei Leerlauf, bis zu3.800min-1|Hubzahl bei Leerlauf800 – 3.800min-1|TitelAkku-Stichsäge GST 18V-155 SC Professional|Neuheit bis01.12.2022|Verpackungsabmessungen (Breite)266mm|Verpackungsabmessungen (Länge)272mm|Verpackungsabmessungen (Höhe)90mm|Verpackungsabmessungen (Breite x Länge x Höhe)266 x 272 x 90mm|Akkuspannung18,0 V|Hubhöhe26mm|Gewicht exkl. Akku2kg|Schnitttiefe in Holz155mm|Schnitttiefe in Alu20mm|Schnitttiefe in Stahl unlegiert10mm|Unterteilung der ProduktkategorienAkku-Stichsäge","","","'https://www.nexmart.com/media/catalog/ampshare/bosch/img-rd-371749-117_jpg/detail.jpg/normal.jpg","0.09","0.266","0.272","2.0","","main_product",1,"","","","","","",""
"0 601 5B1 001","06015B1001","4059952546018","Hubzahl bei Leerlauf, von0min-1|Hubzahl bei Leerlauf, bis zu3.800min-1|Hubzahl bei Leerlauf0 – 3.800min-1|TitelAkku-Stichsäge GST 18V-155 BC Professional|Neuheit bis01.12.2022|Verpackungsabmessungen (Breite)266mm|Verpackungsabmessungen (Länge)272mm|Verpackungsabmessungen (Höhe)90mm|Verpackungsabmessungen (Breite x Länge x Höhe)266 x 272 x 90mm|Akkuspannung18,0 V|Hubhöhe26mm|Gewicht exkl. Akku2kg|Schnitttiefe in Holz155mm|Schnitttiefe in Alu20mm|Schnitttiefe in Stahl unlegiert10mm|Unterteilung der ProduktkategorienAkku-Stichsäge","","","'https://www.nexmart.com/media/catalog/ampshare/bosch/img-rd-371736-117_jpg/detail.jpg/normal.jpg","0.09","0.266","0.272","2.021","","main_product",1,"","","","","","",""
"0 611 924 000","0611924000","4059952613338","TitelAkku-Bohrhammer mit SDS plus GBH 18V-22 Professional|Neuheit bis01.12.2023|Werkzeugabmessungen (Länge)296mm|Verpackungsabmessungen (Breite)220mm|Verpackungsabmessungen (Länge)340mm|Verpackungsabmessungen (Höhe)100mm|Verpackungsabmessungen (Breite x Länge x Höhe)220 x 340 x 100mm|Akkuspannung18,0 V|Schlagenergie (gemäß EPTA 05/2016)1,9J|Schlagzahl bei Nenndrehzahl, von0bpm|Schlagzahl bei Nenndrehzahl, bis zu4.675bpm|Schlagzahl bei Nenndrehzahl0 – 4.675bpm|Nenndrehzahl, von0min-1|Nenndrehzahl, bis zu1.050min-1|Nenndrehzahl0 – 1.050min-1|Gewicht exkl. Akku2,3kg|WerkzeugaufnahmeSDS plus|Bohr- Beton mit Hammerbohrern, von4mm|Bohr- Beton mit Hammerbohrern, bis22mm|Bohr- in Beton mit Hammerbohrern4 – 22mm|Rec. app. range in concr. with ham. dr. bits, from4mm|Rec. app. range in concr. with hammer dr. bits, to12mm|Optimaler Einsatzbereich Beton mit Hammerbohrern4 – 12mm|Max. Bohrdurchmesser in Metall13mm|Max. Bohr- Holz20mm|Unterteilung der ProduktkategorienAkku-Bohrhammer mit SDS plus","","","'https://www.nexmart.com/media/catalog/ampshare/bosch/img-rd-400912-117_jpg/detail.jpg/normal.jpg","0.1","0.22","0.34","2.3","","main_product",1,"","","","","","",""
"0 601 9M1 000","06019M1000","4053423246339","TitelAkku-Drehschlagschrauber GDS 18V-1600 HC Professional|Neuheit bis01.08.2024|Werkzeugabmessungen (Breite)86mm|Werkzeugabmessungen (Länge)226mm|Werkzeugabmessungen (Höhe)242mm|Verpackungsabmessungen (Breite)270mm|Verpackungsabmessungen (Länge)288mm|Verpackungsabmessungen (Höhe)109mm|Verpackungsabmessungen (Breite x Länge x Höhe)270 x 288 x 109mm|Leerlaufdrehzahl, von0U/min|Leerlaufdrehzahl, bis zu800U/min|Leerlaufdrehzahl0-800U/min|Akkuspannung18,0 V|Werkzeugaufnahme3/4'' Vierkant|Losbrechmoment, max.2200Nm|Drehmomenteinstellbereich, min. 1. Stufe0Nm|Drehmomenteinstellbereich, max. 1. Stufe600Nm|Drehmomenteinstellbereich, min./max., 1. Stufe0/600Nm|Drehmomenteinstellbereich, min. 2. Stufe0Nm|Drehmomenteinstellbereich, max. 2. Stufe1100Nm|Drehmomenteinstellbereich, min./max., 2. Stufe0/1100Nm|Drehmomenteinstellbereich, min. 3. Stufe0Nm|Drehmomenteinstellbereich, max. 3. Stufe1600Nm|Drehmomenteinstellbereich, min./max., 3. Stufe0/1600Nm|Leerlaufdrehzahl, 1. Stufe, von0min-1|Leerlaufdrehzahl, 1. Stufe, bis800min-1|Leerlaufdrehzahl (1. Stufe)0-800min-1|Leerlaufdrehzahl, 2. Stufe, von0min-1|Leerlaufdrehzahl, 2. Stufe, bis1.300min-1|Leerlaufdrehzahl (2. Stufe)0-1.300min-1|Leerlaufdrehzahl (3. Stufe)0-1.750min-1|Drehmomentstufen3|Gewicht exkl. Akku3,2kg|Drehmoment, max.1600Nm|Schlagzahl (1. Stufe)0-1.550bpm|Schlagzahl (2. Stufe)0-2.200bpm|Schlagzahl (3. Stufe)0-2.350bpm|Unterteilung der ProduktkategorienAkku-Drehschlagschrauber","","","'https://www.nexmart.com/media/catalog/ampshare/bosch/img-rd-409324-117_jpg/detail.jpg/normal.jpg","0.109","0.27","0.288","3.2","","main_product",1,"","","","","","",""
"0 601 9K7 000","06019K7000","4059952581132","Drehmoment, max. (hart)32Nm|TitelAkku-Trockenbauschrauber GTB 18V-45 Professional|Werkzeugabmessungen (Höhe)193mm|Verpackungsabmessungen (Breite)266mm|Verpackungsabmessungen (Länge)287mm|Verpackungsabmessungen (Höhe)97mm|Verpackungsabmessungen (Breite x Länge x Höhe)266 x 287 x 97mm|Akkuspannung18,0 V|Drehmoment, max. (weich)6Nm|Drehmoment, max. (hart/weich)6Nm|Leerlaufdrehzahl, von0min-1|Leerlaufdrehzahl, bis zu4.500min-1|Leerlaufdrehzahl0 – 4.500min-1|Werkzeugaufnahme1/4'' Sechskant Uni|Gewicht exkl. Akku0,95kg|Schrauben-, max.6mm|Unterteilung der ProduktkategorienAkku-Trockenbauschrauber","","","'https://www.nexmart.com/media/catalog/ampshare/bosch/img-rd-364755-117_jpg/detail.jpg/normal.jpg","0.097","0.266","0.287","0.95","","main_product",1,"","","","","","",""
"0 601 9K8 000","06019K8000","4059952596853","TitelAkku-Trockenbaufräse GCU 18V-30 Professional|Neuheit bis01.08.2023|SOL Datum01.05.2023|Werkzeugabmessungen (Höhe)76mm|Verpackungsabmessungen (Breite)150mm|Verpackungsabmessungen (Länge)280mm|Verpackungsabmessungen (Höhe)95mm|Verpackungsabmessungen (Breite x Länge x Höhe)150 x 280 x 95mm|Akkuspannung18,0 V|Leerlaufdrehzahl, bis zu30.000min-1|Leerlaufdrehzahl30.000min-1|Kompatible Spannzangen-3 mm|Unterteilung der ProduktkategorienAkku-Trockenbaufräse","","","'https://www.nexmart.com/media/catalog/ampshare/bosch/img-rd-381732-117_jpg/detail.jpg/normal.jpg","0.095","0.15","0.28","0.985","","main_product",1,"","","","","","",""
"0 601 9J4 200","06019J4200","4059952641690","TitelAkku-Winkelschleifer mit X-LOCK GWX 18V-10 P Professional|Neuheit bis01.08.2023|Verpackungsabmessungen (Breite)134mm|Verpackungsabmessungen (Länge)387mm|Verpackungsabmessungen (Höhe)162mm|Verpackungsabmessungen (Breite x Länge x Höhe)134 x 387 x 162mm|Akkuspannung18,0 V|Leerlaufdrehzahl, bis zu9.000min-1|Leerlaufdrehzahl9.000min-1|Gewicht exkl. Akku1,9kg|Scheiben-125mm|Unterteilung der ProduktkategorienAkku-Winkelschleifer mit X-LOCK","","","'https://www.nexmart.com/media/catalog/ampshare/bosch/img-rd-391381-117_jpg/detail.jpg/normal.jpg","0.162","0.134","0.387","1.13","","main_product",1,"","","","","","",""
"0 601 482 000","0601482000","4053423252576","TitelAkku-Holznagler GNH 18V-64-2 M Professional|Neuheit bis01.08.2024|Verpackungsabmessungen (Breite)295mm|Verpackungsabmessungen (Länge)380mm|Verpackungsabmessungen (Höhe)110mm|Verpackungsabmessungen (Breite x Länge x Höhe)295 x 380 x 110mm|Akkuspannung18,0 V|Magazin Winkel20°|Nagel-, von1,6mm|Nagel-1,6mm|Nagellänge, von32mm|Nagellänge, bis zu64mm|Nagellänge32 – 64mm|Nagel-/KlammertypStauchkopfnagel|AuslösesystemSerienauslösung + Kontaktauslösung mit automatischer Umkehrung|Gewicht exkl. Akku2,95kg|Magazinkapazität105Stck|Kompatible Nägel/KlammernBosch Nägel|Unterteilung der ProduktkategorienAkku-Holznagler","","","'https://www.nexmart.com/media/catalog/ampshare/bosch/img-rd-427458-117_jpg/detail.jpg/normal.jpg","0.11","0.295","0.38","3.0","","main_product",1,"","","","","","",""
"0 601 9L6 000","06019L6000","4059952643182","TitelSchlagschrauber GDR 18V-220 C Professional|Neuheit bis01.08.2024|Werkzeugabmessungen (Breite)77mm|Werkzeugabmessungen (Länge)113mm|Werkzeugabmessungen (Höhe)201mm|Verpackungsabmessungen (Breite)185mm|Verpackungsabmessungen (Länge)220mm|Verpackungsabmessungen (Höhe)95mm|Verpackungsabmessungen (Breite x Länge x Höhe)185 x 220 x 95mm|Leerlaufdrehzahl, von0U/min|Leerlaufdrehzahl, bis zu3.400U/min|Leerlaufdrehzahl0-3.400U/min|Akkuspannung18,0 V|Werkzeugaufnahme1/4'' Sechskant Uni|Drehmomenteinstellbereich, min. 1. Stufe0Nm|Drehmomenteinstellbereich, max. 1. Stufe100Nm|Drehmomenteinstellbereich, min./max., 1. Stufe0/100Nm|Drehmomenteinstellbereich, min. 2. Stufe0Nm|Drehmomenteinstellbereich, max. 2. Stufe140Nm|Drehmomenteinstellbereich, min./max., 2. Stufe0/140Nm|Drehmomenteinstellbereich, min. 3. Stufe0Nm|Drehmomenteinstellbereich, max. 3. Stufe220Nm|Drehmomenteinstellbereich, min./max., 3. Stufe0/220Nm|Leerlaufdrehzahl, 1. Stufe, von0min-1|Leerlaufdrehzahl, 1. Stufe, bis800min-1|Leerlaufdrehzahl (1. Stufe)0-800min-1|Leerlaufdrehzahl, 2. Stufe, von0min-1|Leerlaufdrehzahl, 2. Stufe, bis2.300min-1|Leerlaufdrehzahl (2. Stufe)0-2.300min-1|Leerlaufdrehzahl (3. Stufe)0-3.400min-1|Drehmomentstufen3|Gewicht exkl. Akku1kg|Drehmoment, max.220Nm|Schlagzahl, bis zu4.000bpm|Schlagzahl4.000bpm|Schlagzahl (1. Stufe)0-1.500bpm|Schlagzahl (2. Stufe)0-3.400bpm|Schlagzahl (3. Stufe)0-4.000bpm|Unterteilung der ProduktkategorienSchlagschrauber","","","'https://www.nexmart.com/media/catalog/ampshare/bosch/img-rd-419696-117_jpg/detail.jpg/normal.jpg","0.095","0.185","0.22","1.4","","main_product",1,"","","","","","",""
"0 601 482 100","0601482100","4053423252583","TitelAkku-Holznagler GNH 18V-64-2 Professional|Neuheit bis01.08.2024|Verpackungsabmessungen (Breite)295mm|Verpackungsabmessungen (Länge)380mm|Verpackungsabmessungen (Höhe)110mm|Verpackungsabmessungen (Breite x Länge x Höhe)295 x 380 x 110mm|Akkuspannung18,0 V|Magazin Winkel20°|Nagel-, von1,6mm|Nagel-1,6mm|Nagellänge, von32mm|Nagellänge, bis zu64mm|Nagellänge32 – 64mm|Nagel-/KlammertypStauchkopfnagel|AuslösesystemSerienauslösung|Gewicht exkl. Akku2,95kg|Magazinkapazität105Stck|Kompatible Nägel/KlammernBosch Nägel|Unterteilung der ProduktkategorienAkku-Holznagler","","","'https://www.nexmart.com/media/catalog/ampshare/bosch/img-rd-427444-117_jpg/detail.jpg/normal.jpg","0.11","0.295","0.38","3.0","","main_product",1,"","","","","","",""
"0 601 482 400","0601482400","4053423252613","TitelAkku-Holznagler GNH 18V-50 M Professional|Neuheit bis01.08.2024|Verpackungsabmessungen (Breite)295mm|Verpackungsabmessungen (Länge)380mm|Verpackungsabmessungen (Höhe)110mm|Verpackungsabmessungen (Breite x Länge x Höhe)295 x 380 x 110mm|Akkuspannung18,0 V|Magazin Winkel0°|Nagel-, von1,2mm|Nagel-1,2mm|Nagellänge, von16mm|Nagellänge, bis zu50mm|Nagellänge16 – 50mm|Nagel-/KlammertypStiftnagel|AuslösesystemSerienauslösung + Kontaktauslösung mit automatischer Umkehrung|Gewicht exkl. Akku2,95kg|Magazinkapazität105Stck|Kompatible Nägel/KlammernBosch Nägel|Unterteilung der ProduktkategorienAkku-Holznagler","","","'https://www.nexmart.com/media/catalog/ampshare/bosch/img-rd-427421-117_jpg/detail.jpg/normal.jpg","0.11","0.295","0.38","3.0","","main_product",1,"","","","","","",""
"0 601 482 500","0601482500","4053423252620","TitelAkku-Holzklammerer GTH 18V-38 M Professional|Neuheit bis01.08.2024|Verpackungsabmessungen (Breite)295mm|Verpackungsabmessungen (Länge)380mm|Verpackungsabmessungen (Höhe)110mm|Verpackungsabmessungen (Breite x Länge x Höhe)295 x 380 x 110mm|Akkuspannung18,0 V|Magazin Winkel0°|Klammerweite5,8mm|Nagel-/KlammertypSchmalrückenklammer|AuslösesystemSerienauslösung + Kontaktauslösung mit automatischer Umkehrung|Gewicht exkl. Akku3,05kg|Magazinkapazität110Stck|Kompatible Nägel/KlammernBosch Klammern|Unterteilung der ProduktkategorienAkku-Holzklammerer|Schenkellänge10 – 38mm","","","'https://www.nexmart.com/media/catalog/ampshare/bosch/img-rd-427434-117_jpg/detail.jpg/normal.jpg","0.11","0.295","0.38","3.1","","main_product",1,"","","","","","",""
"0 601 2B7 000","06012B7000","4059952617138","TitelAkku-Bandsäge GCB 18V-127 Professional|Neuheit bis01.08.2024|Verpackungsabmessungen (Breite)237mm|Verpackungsabmessungen (Länge)542mm|Verpackungsabmessungen (Höhe)318mm|Verpackungsabmessungen (Breite x Länge x Höhe)237 x 542 x 318mm|Akkuspannung18,0 V|Gewicht exkl. Akku6,45kg|Unterteilung der ProduktkategorienAkku-Bandsäge","","","'https://www.nexmart.com/media/catalog/ampshare/bosch/img-rd-435789-117_jpg/detail.jpg/normal.jpg","0.318","0.237","0.542","6.45","","main_product",1,"","","","","","",""
"0 611 915 001","0611915001","3165140996105","Bohr- Beton, Hammerbohrer, von14mm|Bohr- Beton, Hammerbohrer, bis zu35mm|Durchmesserbereich Hammerbohren in Beton14 – 35mm|TitelAkku-Bohrhammer BITURBO mit SDS max GBH 18V-36 C Professional|Neuheit bis01.04.2021|Werkzeugabmessungen (Länge)460mm|Verpackungsabmessungen (Breite)408mm|Verpackungsabmessungen (Länge)617mm|Verpackungsabmessungen (Höhe)150mm|Verpackungsabmessungen (Breite x Länge x Höhe)408 x 617 x 150mm|Akkuspannung18,0 V|Schlagenergie (gemäß EPTA 05/2016)7J|Schlagzahl bei Nenndrehzahl, von0bpm|Schlagzahl bei Nenndrehzahl, bis zu2.900bpm|Schlagzahl bei Nenndrehzahl0 – 2.900bpm|Nenndrehzahl, von0min-1|Nenndrehzahl, bis zu500min-1|Nenndrehzahl0 – 500min-1|Gewicht exkl. Akku5,1kg|WerkzeugaufnahmeSDS max|Rec. app. range in concr. with ham. dr. bits, from14mm|Rec. app. range in concr. with hammer dr. bits, to35mm|Optimaler Einsatzbereich Beton mit Hammerbohrern14 – 35mm|Unterteilung der ProduktkategorienAkku-Bohrhammer BITURBO mit SDS max","","","'https://www.nexmart.com/media/catalog/ampshare/bosch/img-rd-316305-117_jpg/detail.jpg/normal.jpg","0.15","0.408","0.617","5.199","","main_product",1,"","","","","","",""
"0 601 9G0 108","06019G0108","3165140956284","TitelAkku-Bohrschrauber GSR 18V-110 C Professional|Werkzeugabmessungen (Höhe)213mm|Verpackungsabmessungen (Breite)245mm|Verpackungsabmessungen (Länge)325mm|Verpackungsabmessungen (Höhe)115mm|Verpackungsabmessungen (Breite x Länge x Höhe)245 x 325 x 115mm|Bohr- Holz, max.82mm|Akkuspannung18,0 V|Drehmoment (weich)47Nm|Drehmoment (hart)85Nm|Drehmoment (max.)110Nm|Drehmoment (weich/hart/max.)47/85/110Nm|AkkutypLithium-Ionen|Leerlaufdrehzahl, 1. Gang, von0min-1|Leerlaufdrehzahl, 1. Gang, bis480min-1|Leerlaufdrehzahl, 2. Gang, von0min-1|Leerlaufdrehzahl, 2. Gang, bis2.100min-1|Leerlaufdrehzahl (1. Gang / 2. Gang)0 – 480 / 0 – 2.100min-1|Schlagzahl, max.31.500bpm|Bohrfutterspannbereich, min.1,5mm|Bohrfutterspannbereich, max.13mm|Bohrfutterspannbereich, min./max.1,5 / 13mm|Gewicht exkl. Akku1,8kg|Drehmomentstufen (Standard)25|Drehmomentstufen (zusätzlich)1|Drehmomentstufen25+1|Bohr- Stahl, max.13mm|Bohr- Mauerwerk, max.16mm|Schrauben-, max.12mm|Unterteilung der ProduktkategorienAkku-Bohrschrauber","","","'https://www.nexmart.com/media/catalog/ampshare/bosch/img-rd-316685-117_jpg/normal.jpg/normal.jpg","0.115","0.245","0.325","2.0","","main_product",1,"","","","","","",""
"0 601 9H1 071","06019H1071","4059952510224","Schrauben-, max.10mm|TitelAkku-Bohrschrauber GSR 18V-21 Professional|Neuheit bis01.07.2020|Werkzeugabmessungen (Höhe)102mm|Verpackungsabmessungen (Breite)251mm|Verpackungsabmessungen (Länge)324mm|Verpackungsabmessungen (Höhe)112mm|Verpackungsabmessungen (Breite x Länge x Höhe)251 x 324 x 112mm|Bohr- Holz, max.35mm|Akkuspannung18,0 V|Drehmoment (weich)21Nm|Drehmoment (hart)55Nm|Drehmoment (weich/hart/max.)21/55/-Nm|AkkutypLithium-Ionen|Leerlaufdrehzahl, 1. Gang, von0min-1|Leerlaufdrehzahl, 1. Gang, bis480min-1|Leerlaufdrehzahl, 2. Gang, von0min-1|Leerlaufdrehzahl, 2. Gang, bis1.800min-1|Leerlaufdrehzahl (1. Gang / 2. Gang)0 – 480 / 0 – 1.800min-1|Bohrfutterspannbereich, min.1,5mm|Bohrfutterspannbereich, max.13mm|Bohrfutterspannbereich, min./max.1,5 / 13mm|Gewicht exkl. Akku1,3kg|Drehmomentstufen (Standard)20|Drehmomentstufen (zusätzlich)1|Drehmomentstufen20+1|Bohr- Stahl, max.10mm|Unterteilung der ProduktkategorienAkku-Bohrschrauber","","","'https://www.nexmart.com/media/catalog/ampshare/bosch/img-rd-257089-117_jpg/normal.jpg/normal.jpg","0.112","0.251","0.324","1.4","","main_product",1,"","","","","","",""
"0 611 909 000","0611909000","3165140807876","TitelAkku-Bohrhammer mit SDS plus GBH 18V-26 Professional|Werkzeugabmessungen (Länge)225mm|Verpackungsabmessungen (Breite)251mm|Verpackungsabmessungen (Länge)398mm|Verpackungsabmessungen (Höhe)112mm|Verpackungsabmessungen (Breite x Länge x Höhe)251 x 398 x 112mm|Akkuspannung18,0 V|Schlagenergie (gemäß EPTA 05/2016)2,6J|Schlagzahl bei Nenndrehzahl, von0bpm|Schlagzahl bei Nenndrehzahl, bis zu4.350bpm|Schlagzahl bei Nenndrehzahl0 – 4.350bpm|Nenndrehzahl, von0min-1|Nenndrehzahl, bis zu980min-1|Nenndrehzahl0 – 980min-1|WerkzeugaufnahmeSDS plus|Bohr- Beton mit Hammerbohrern, von4mm|Bohr- Beton mit Hammerbohrern, bis26mm|Bohr- in Beton mit Hammerbohrern4 – 26mm|Rec. app. range in concr. with ham. dr. bits, from8mm|Rec. app. range in concr. with hammer dr. bits, to16mm|Optimaler Einsatzbereich Beton mit Hammerbohrern8 – 16mm|Max. Bohrdurchmesser in Metall13mm|Max. Bohr- Holz30mm|Unterteilung der ProduktkategorienAkku-Bohrhammer mit SDS plus","","","'https://www.nexmart.com/media/catalog/ampshare/bosch/img-rd-295468-117_jpg/detail.jpg/normal.jpg","0.112","0.251","0.398","2.712","","main_product",1,"","","","","","",""
"0 611 910 000","0611910000","3165140807937","TitelAkku-Bohrhammer mit SDS plus GBH 18V-26F Professional|Neuheit bis01.12.2016|Werkzeugabmessungen (Länge)364mm|Verpackungsabmessungen (Breite)251mm|Verpackungsabmessungen (Länge)104mm|Verpackungsabmessungen (Höhe)398mm|Verpackungsabmessungen (Breite x Länge x Höhe)251 x 104 x 398mm|Akkuspannung18,0 V|Schlagenergie (gemäß EPTA 05/2016)2,6J|Schlagzahl bei Nenndrehzahl, von0bpm|Schlagzahl bei Nenndrehzahl, bis zu4.350bpm|Schlagzahl bei Nenndrehzahl0 – 4.350bpm|Nenndrehzahl, von0min-1|Nenndrehzahl, bis zu980min-1|Nenndrehzahl0 – 980min-1|WerkzeugaufnahmeSDS plus|Bohr- Beton mit Hammerbohrern, von4mm|Bohr- Beton mit Hammerbohrern, bis26mm|Bohr- in Beton mit Hammerbohrern4 – 26mm|Rec. app. range in concr. with ham. dr. bits, from8mm|Rec. app. range in concr. with hammer dr. bits, to16mm|Optimaler Einsatzbereich Beton mit Hammerbohrern8 – 16mm|Max. Bohrdurchmesser in Metall13mm|Max. Bohr- Holz30mm|Unterteilung der ProduktkategorienAkku-Bohrhammer mit SDS plus","","","'https://www.nexmart.com/media/catalog/ampshare/bosch/img-rd-230392-117_jpg/detail.jpg/normal.jpg","0.398","0.251","0.104","4.495","","main_product",1,"","","","","","",""
"0 611 916 001","0611916001","3165140981156","Schlagenergie (gemäß EPTA 05/2016)2,5J|TitelAkku-Bohrhammer mit SDS plus GBH 18V-26 D Professional|Neuheit bis17.09.2019|Werkzeugabmessungen (Länge)441mm|Verpackungsabmessungen (Breite)240mm|Verpackungsabmessungen (Länge)470mm|Verpackungsabmessungen (Höhe)102mm|Verpackungsabmessungen (Breite x Länge x Höhe)240 x 470 x 102mm|Akkuspannung18,0 V|Schlagzahl bei Nenndrehzahl, von0bpm|Schlagzahl bei Nenndrehzahl, bis zu4.350bpm|Schlagzahl bei Nenndrehzahl0 – 4.350bpm|Nenndrehzahl, von0min-1|Nenndrehzahl, bis zu980min-1|Nenndrehzahl0 – 980min-1|Gewicht exkl. Akku2,6kg|WerkzeugaufnahmeSDS plus|Bohr- Beton mit Hammerbohrern, von4mm|Bohr- Beton mit Hammerbohrern, bis26mm|Bohr- in Beton mit Hammerbohrern4 – 26mm|Rec. app. range in concr. with ham. dr. bits, from8mm|Rec. app. range in concr. with hammer dr. bits, to16mm|Optimaler Einsatzbereich Beton mit Hammerbohrern8 – 16mm|Max. Bohrdurchmesser in Metall13mm|Max. Bohr- Holz30mm|Unterteilung der ProduktkategorienAkku-Bohrhammer mit SDS plus","","","'https://www.nexmart.com/media/catalog/ampshare/bosch/img-rd-284831-117_jpg/detail.jpg/normal.jpg","0.102","0.24","0.47","2.6","","main_product",1,"","","","","","",""
"0 601 64J 000","060164J000","3165140508940","Hubzahl, 1. Gang2.400min-1|Hubzahl, 2. Gang2.700min-1|Hubzahl (1. Gang / 2. Gang)2.400 - 2.700min-1|TitelAkku-Säbelsäge GSA 18V-LI Professional|Verpackungsabmessungen (Breite)410mm|Verpackungsabmessungen (Länge)500mm|Verpackungsabmessungen (Höhe)140mm|Verpackungsabmessungen (Breite x Länge x Höhe)410 x 500 x 140mm|Akkuspannung18,0 V|Gewicht inkl. Akku3,4kg|Schnitttiefe in Holz250mm|Schnitttiefe in Metallprofilen und Metallrohren130mm|Hublänge, 1. Gang28mm|Hublängen28mm|Gewicht exkl. Akku2,9kg|Hubzahl, von0min-1|Hubzahl, bis zu2.700min-1|Hubzahl0 - 2.700min-1|Unterteilung der ProduktkategorienAkku-Säbelsäge","","","'https://www.nexmart.com/media/catalog/ampshare/bosch/img-rd-45795-117_jpg/detail.jpg/normal.jpg","0.14","0.41","0.5","2.0","","main_product",1,"","","","","","",""
"0 601 B51 100","0601B51100","4059952613284","TitelAkku-Kapp- und Gehrungssäge BITURBO GCM 18V-254 D Professional|Neuheit bis01.08.2023|SOL Datum01.05.2023|Verpackungsabmessungen (Breite)575mm|Verpackungsabmessungen (Länge)790mm|Verpackungsabmessungen (Höhe)365mm|Verpackungsabmessungen (Breite x Länge x Höhe)575 x 790 x 365mm|Akkuspannung18,0 V|Sägeblattdurchmesser254mm|Gewicht17,7kg|Schnittkapazität bei 0°, Höhe90mm|Schnittkapazität bei 0°, Breite305mm|Schnittkapazität 0°90 x 305mm|Schnittkapazität bei 45° Gehrung, Höhe90mm|Schnittkapazität bei 45° Gehrung, Breite215mm|Schnittkapazität 45° Gehrung90 x 215mm|Schnittkapazität bei 45° Neigung, Höhe55mm|Schnittkapazität bei 45° Neigung, Breite305mm|Schnittkapazität 45°-Neigung55 x 305mm|Gehrungseinstellung, links48°|Gehrungseinstellung, rechts48°|Gehrungseinstellung48 ° L / 48 ° R|Neigungseinstellung, links47°|Neigungseinstellung, rechts47°|Neigungseinstellung47 ° L / 47 ° R|Werkzeugabmessungen (Breite)500mm|Werkzeugabmessungen (Länge)787mm|Werkzeugabmessungen (Höhe)632mm|Werkzeugabmessungen (Breite x Länge x Höhe)500 x 787 x 632mm|Leerlaufdrehzahl, von4.500min-1|Leerlaufdrehzahl4.500min-1|Sägeblattbohrungs-30mm|Unterteilung der ProduktkategorienAkku-Kapp- und Gehrungssäge BITURBO","","","'https://www.nexmart.com/media/catalog/ampshare/bosch/img-rd-402444-117_jpg/detail.jpg/normal.jpg","0.365","0.575","0.79","17.7","","main_product",1,"","","","","","",""
"0 601 9K2 000","06019K2000","4059952552682","TitelAkku-Staubsauger GAS 18V-12 MC Professional|Neuheit bis01.04.2024|Verpackungsabmessungen (Breite)390mm|Verpackungsabmessungen (Länge)445mm|Verpackungsabmessungen (Höhe)500mm|Verpackungsabmessungen (Breite x Länge x Höhe)390 x 445 x 500mm|Akkuspannung18,0 V|Gewicht exkl. Akku8kg|Saugschlauch-Nennbreite28mm|Filterfläche3.200cm²|Räder, Anzahl5|Rad, Durchmesser50mm|Max. Luftstromgeschwindigkeit (Turbine)30,0l/s|Max. Unterdruck (Turbine)170mbar|Behältervolumen brutto12l|Behältervolumen netto8l|Behältervolumen netto Wasser6l|Staubklasse Nass-/TrockensaugerM|StaubklasseM|Unterteilung der ProduktkategorienAkku-Staubsauger","","","'https://www.nexmart.com/media/catalog/ampshare/bosch/img-rd-393212-117_jpg/detail.jpg/normal.jpg","0.5","0.39","0.445","8.0","","main_product",1,"","","","","","",""
"0 611 917 100","0611917100","4059952615394","TitelAkku-Bohrhammer BITURBO mit SDS max GBH 18V-40 C Professional|Neuheit bis01.12.2022|Werkzeugabmessungen (Länge)502mm|Verpackungsabmessungen (Breite)395mm|Verpackungsabmessungen (Länge)607mm|Verpackungsabmessungen (Höhe)179mm|Verpackungsabmessungen (Breite x Länge x Höhe)395 x 607 x 179mm|Akkuspannung18,0 V|Schlagenergie (gemäß EPTA 05/2016)9J|Schlagzahl bei Nenndrehzahl, von0bpm|Schlagzahl bei Nenndrehzahl, bis zu3.130bpm|Schlagzahl bei Nenndrehzahl0 – 3.130bpm|Nenndrehzahl, von0min-1|Nenndrehzahl, bis zu360min-1|Nenndrehzahl0 – 360min-1|Gewicht exkl. Akku7kg|WerkzeugaufnahmeSDS max|Bohr- Beton mit Hammerbohrern, von12mm|Bohr- Beton mit Hammerbohrern, bis40mm|Bohr- in Beton mit Hammerbohrern12 – 40mm|Rec. app. range in concr. with ham. dr. bits, from18mm|Rec. app. range in concr. with hammer dr. bits, to32mm|Optimaler Einsatzbereich Beton mit Hammerbohrern18 – 32mm|Unterteilung der ProduktkategorienAkku-Bohrhammer BITURBO mit SDS max","","","'https://www.nexmart.com/media/catalog/ampshare/bosch/img-rd-358145-117_jpg/detail.jpg/normal.jpg","0.179","0.395","0.607","7.0","","main_product",1,"","","","","","",""
"0 601 9H6 G00","06019H6G00","4059952610054","TitelAkku-Winkelschleifer BITURBO mit X-LOCK GWX 18V-15 PSC Professional|Neuheit bis01.12.2022|Verpackungsabmessungen (Breite)162mm|Verpackungsabmessungen (Länge)381mm|Verpackungsabmessungen (Höhe)156mm|Verpackungsabmessungen (Breite x Länge x Höhe)162 x 381 x 156mm|Akkuspannung18,0 V|Leerlaufdrehzahl, von3.400min-1|Leerlaufdrehzahl, bis zu9.800min-1|Leerlaufdrehzahl3.400 – 9.800min-1|Gewicht exkl. Akku2,3kg|Scheiben-125mm|Gummischleifteller, 125mm|Bemessungs-Leerlaufdrehzahl11000min-1|Unterteilung der ProduktkategorienAkku-Winkelschleifer BITURBO mit X-LOCK","","","'https://www.nexmart.com/media/catalog/ampshare/bosch/img-rd-379727-117_jpg/detail.jpg/normal.jpg","0.156","0.162","0.381","2.06","","main_product",1,"","","","","","",""
"0 601 9K3 200","06019K3200","4059952605616","TitelAkku-Bohrschrauber GSR 18V-45 Professional|Neuheit bis01.12.2022|Werkzeugabmessungen (Höhe)203mm|Verpackungsabmessungen (Breite)221mm|Verpackungsabmessungen (Länge)231mm|Verpackungsabmessungen (Höhe)91mm|Verpackungsabmessungen (Breite x Länge x Höhe)221 x 231 x 91mm|Bohr- Holz, max.35mm|Akkuspannung18,0 V|Drehmoment (weich)21Nm|Drehmoment (hart)45Nm|Drehmoment (weich/hart/max.)21/45/-Nm|AkkutypLithium-Ionen|Leerlaufdrehzahl, 1. Gang, von0min-1|Leerlaufdrehzahl, 1. Gang, bis500min-1|Leerlaufdrehzahl, 2. Gang, von0min-1|Leerlaufdrehzahl, 2. Gang, bis1.900min-1|Leerlaufdrehzahl (1. Gang / 2. Gang)0 – 500 / 0 – 1.900min-1|Bohrfutterspannbereich, min.1,5mm|Bohrfutterspannbereich, max.13mm|Bohrfutterspannbereich, min./max.1,5 / 13mm|Gewicht exkl. Akku0,9kg|Drehmomentstufen (Standard)20|Drehmomentstufen (zusätzlich)1|Drehmomentstufen20+1|Bohr- Stahl, max.10mm|Schrauben-, max.8mm|Unterteilung der ProduktkategorienAkku-Bohrschrauber","","","'https://www.nexmart.com/media/catalog/ampshare/bosch/img-rd-371052-117_jpg/detail.jpg/normal.jpg","0.091","0.221","0.231","0.9","","main_product",1,"","","","","","",""
"0 601 9K3 300","06019K3300","4059952605654","AkkutypLithium-Ionen|Bohrfutterspannbereich, min.1,5mm|Bohrfutterspannbereich, max.13mm|Bohrfutterspannbereich, min./max.1,5 / 13mm|Bohr- Mauerwerk, max.10mm|TitelAkku-Schlagbohrschauber GSB 18V-45 Professional|Neuheit bis01.12.2022|Werkzeugabmessungen (Höhe)203mm|Verpackungsabmessungen (Breite)221mm|Verpackungsabmessungen (Länge)231mm|Verpackungsabmessungen (Höhe)95mm|Verpackungsabmessungen (Breite x Länge x Höhe)221 x 231 x 95mm|Bohr- Holz, max.35mm|Akkuspannung18,0 V|Drehmoment (weich)21Nm|Drehmoment (hart)45Nm|Drehmoment (weich/hart/max.)21/45/-Nm|Leerlaufdrehzahl, 1. Gang, von0min-1|Leerlaufdrehzahl, 1. Gang, bis500min-1|Leerlaufdrehzahl, 2. Gang, von0min-1|Leerlaufdrehzahl, 2. Gang, bis1.900min-1|Leerlaufdrehzahl (1. Gang / 2. Gang)0 – 500 / 0 – 1.900min-1|Schlagzahl, max.27.000bpm|Gewicht exkl. Akku1kg|Drehmomentstufen (Standard)20|Drehmomentstufen (zusätzlich)2|Drehmomentstufen20+2|Bohr- Stahl, max.10mm|Schrauben-, max.8mm|Unterteilung der ProduktkategorienAkku-Schlagbohrschauber","","","'https://www.nexmart.com/media/catalog/ampshare/bosch/img-rd-371141-117_jpg/detail.jpg/normal.jpg","0.095","0.221","0.231","0.922","","main_product",1,"","","","","","",""
"0 601 9K6 000","06019K6000","4059952577678","TitelAkku-Bohrschrauber GSR 18V-90 C Professional|Neuheit bis01.12.2022|Werkzeugabmessungen (Höhe)210mm|Verpackungsabmessungen (Breite)224mm|Verpackungsabmessungen (Länge)94mm|Verpackungsabmessungen (Höhe)234mm|Verpackungsabmessungen (Breite x Länge x Höhe)224 x 94 x 234mm|Bohr- Holz, max.68mm|Akkuspannung18,0 V|Drehmoment (weich)36Nm|Drehmoment (hart)64Nm|Drehmoment (weich/hart/max.)36/64/-Nm|Leerlaufdrehzahl, 1. Gang, von0min-1|Leerlaufdrehzahl, 1. Gang, bis630min-1|Leerlaufdrehzahl, 2. Gang, von0min-1|Leerlaufdrehzahl, 2. Gang, bis2.100min-1|Leerlaufdrehzahl (1. Gang / 2. Gang)0 – 630 / 0 – 2.100min-1|Bohrfutterspannbereich, min.1,5mm|Bohrfutterspannbereich, max.13mm|Bohrfutterspannbereich, min./max.1,5 / 13mm|Gewicht exkl. Akku1,1kg|Drehmomentstufen (Standard)21|Drehmomentstufen21|Bohr- Stahl, max.13mm|Schrauben-, max.12mm|Unterteilung der ProduktkategorienAkku-Bohrschrauber","","","'https://www.nexmart.com/media/catalog/ampshare/bosch/img-rd-374914-117_jpg/detail.jpg/normal.jpg","0.234","0.224","0.094","1.333","","main_product",1,"","","","","","",""
"0 601 529 600","0601529600","4059952634067","TitelAkku-Nager GNA 18V-16 E Professional|Neuheit bis01.12.2022|Verpackungsabmessungen (Breite)158mm|Verpackungsabmessungen (Länge)344mm|Verpackungsabmessungen (Höhe)91mm|Verpackungsabmessungen (Breite x Länge x Höhe)158 x 344 x 91mm|Gewicht inkl. Akku3,1kg|Akkukapazität12,0Ah|Akkuspannung18,0 V|Gewicht exkl. Akku1,7kg|Schnittkapazität Stahl (800 N/mm²), max.0,7mm|Schnittkapazität Stahl (600 N/mm²), max.1mm|Schnittkapazität Stahl (400 N/mm²), max.1,6mm|Schnittkapazität Aluminium (200 N/mm²), max.2,0mm|Schneidspurbreite5mm|Vorbohren für Innenausschnitte22mm|Leerlaufhubzahl1.400min-1|Minimaler Kurvenradius40mm|Unterteilung der ProduktkategorienAkku-Nager","","","'https://www.nexmart.com/media/catalog/ampshare/bosch/img-rd-376666-117_jpg/detail.jpg/normal.jpg","0.091","0.158","0.344","1.71","","main_product",1,"","","","","","",""
"0 601 926 300","0601926300","4059952609058","TitelAkku-Blechschere GSC 18V-16 E Professional|Neuheit bis01.12.2022|Verpackungsabmessungen (Breite)158mm|Verpackungsabmessungen (Länge)344mm|Verpackungsabmessungen (Höhe)91mm|Verpackungsabmessungen (Breite x Länge x Höhe)158 x 344 x 91mm|Gewicht inkl. Akku3,0kg|Akkukapazität12,0Ah|Akkuspannung18,0 V|Gewicht exkl. Akku1,6kg|Schnittkapazität Stahl (800 N/mm²), max.0,7mm|Schnittkapazität Stahl (600 N/mm²), max.1,2mm|Schnittkapazität Stahl (400 N/mm²), max.1,6mm|Schnittkapazität Aluminium (200 N/mm²), max.2,2mm|Leerlaufhubzahl3.200min-1|Minimaler Kurvenradius20mm|Unterteilung der ProduktkategorienAkku-Blechschere","","","'https://www.nexmart.com/media/catalog/ampshare/bosch/img-rd-376690-117_jpg/detail.jpg/normal.jpg","0.091","0.158","0.344","1.62","","main_product",1,"","","","","","",""
"0 601 9K4 000","06019K4000","4059952568010","TitelAkku-Drehschlagschrauber GDS 18V-450 HC Professional|Werkzeugabmessungen (Breite)77mm|Werkzeugabmessungen (Länge)169mm|Werkzeugabmessungen (Höhe)214mm|Verpackungsabmessungen (Breite)224mm|Verpackungsabmessungen (Länge)94mm|Verpackungsabmessungen (Höhe)234mm|Verpackungsabmessungen (Breite x Länge x Höhe)224 x 94 x 234mm|Leerlaufdrehzahl, von0U/min|Leerlaufdrehzahl, bis zu2.300U/min|Leerlaufdrehzahl0-2.300U/min|Akkuspannung18,0 V|Gewicht inkl. Akku1,6kg|Werkzeugaufnahme1/2'' Vierkant|Losbrechmoment, max.800Nm|Drehmomenteinstellbereich, min. 1. Stufe0Nm|Drehmomenteinstellbereich, max. 1. Stufe250Nm|Drehmomenteinstellbereich, min./max., 1. Stufe0/250Nm|Drehmomenteinstellbereich, min. 2. Stufe0Nm|Drehmomenteinstellbereich, max. 2. Stufe330Nm|Drehmomenteinstellbereich, min./max., 2. Stufe0/330Nm|Drehmomenteinstellbereich, min. 3. Stufe0Nm|Drehmomenteinstellbereich, max. 3. Stufe450Nm|Drehmomenteinstellbereich, min./max., 3. Stufe0/450Nm|Leerlaufdrehzahl, 1. Stufe, von0min-1|Leerlaufdrehzahl, 1. Stufe, bis1.000min-1|Leerlaufdrehzahl (1. Stufe)0-1.000min-1|Leerlaufdrehzahl, 2. Stufe, von0min-1|Leerlaufdrehzahl, 2. Stufe, bis1.500min-1|Leerlaufdrehzahl (2. Stufe)0-1.500min-1|Leerlaufdrehzahl (3. Stufe)0-2.300min-1|Drehmomentstufen3|Gewicht exkl. Akku1,6kg|Drehmoment, max.450Nm|Schlagzahl, von0bpm|Schlagzahl, bis zu3.300bpm|Schlagzahl0-3.300bpm|Schlagzahl (1. Stufe)0-1.900bpm|Schlagzahl (2. Stufe)0-2.500bpm|Schlagzahl (3. Stufe)0-3.300bpm|SchraubengrößeM 10 – M 20|Unterteilung der ProduktkategorienAkku-Drehschlagschrauber","","","'https://www.nexmart.com/media/catalog/ampshare/bosch/img-rd-369619-117_jpg/normal.jpg/normal.jpg","0.234","0.224","0.094","2.193","","main_product",1,"","","","","","",""
"0 601 9H6 A00","06019H6A00","4059952609980","TitelAkku-Winkelschleifer BITURBO GWS 18V-15 P Professional|Neuheit bis01.12.2022|Verpackungsabmessungen (Breite)155mm|Verpackungsabmessungen (Länge)375mm|Verpackungsabmessungen (Höhe)155mm|Verpackungsabmessungen (Breite x Länge x Höhe)155 x 375 x 155mm|Akkuspannung18,0 V|Leerlaufdrehzahl, bis zu9.800min-1|Leerlaufdrehzahl9.800min-1|SchleifspindelgewindeM14|Bohrung, 22,2mm|Gewicht exkl. Akku2,2kg|Scheiben-125mm|Bemessungs-Leerlaufdrehzahl11000min-1|Unterteilung der ProduktkategorienAkku-Winkelschleifer BITURBO","","","'https://www.nexmart.com/media/catalog/ampshare/bosch/img-rd-376204-117_jpg/detail.jpg/normal.jpg","0.155","0.155","0.375","2.248","","main_product",1,"","","","","","",""
"0 601 9H6 B00","06019H6B00","4059952610016","TitelAkku-Winkelschleifer BITURBO GWS 18V-15 PSC Professional|Neuheit bis01.12.2022|Verpackungsabmessungen (Breite)155mm|Verpackungsabmessungen (Länge)375mm|Verpackungsabmessungen (Höhe)155mm|Verpackungsabmessungen (Breite x Länge x Höhe)155 x 375 x 155mm|Akkuspannung18,0 V|Leerlaufdrehzahl, von3.400min-1|Leerlaufdrehzahl, bis zu9.800min-1|Leerlaufdrehzahl3.400 – 9.800min-1|SchleifspindelgewindeM14|Bohrung, 22,2mm|Gewicht exkl. Akku2,3kg|Scheiben-125mm|Gummischleifteller, 125mm|Bemessungs-Leerlaufdrehzahl11000min-1|Unterteilung der ProduktkategorienAkku-Winkelschleifer BITURBO","","","'https://www.nexmart.com/media/catalog/ampshare/bosch/img-rd-376216-117_jpg/detail.jpg/normal.jpg","0.155","0.155","0.375","2.285","","main_product",1,"","","","","","",""
"0 601 9H6 F00","06019H6F00","4059952610030","TitelAkku-Winkelschleifer BITURBO mit X-LOCK GWX 18V-15 P Professional|Neuheit bis01.12.2022|Verpackungsabmessungen (Breite)160mm|Verpackungsabmessungen (Länge)381mm|Verpackungsabmessungen (Höhe)154mm|Verpackungsabmessungen (Breite x Länge x Höhe)160 x 381 x 154mm|Akkuspannung18,0 V|Leerlaufdrehzahl, bis zu9.800min-1|Leerlaufdrehzahl9.800min-1|Gewicht exkl. Akku2,3kg|Scheiben-125mm|Bemessungs-Leerlaufdrehzahl11000min-1|Unterteilung der ProduktkategorienAkku-Winkelschleifer BITURBO mit X-LOCK","","","'https://www.nexmart.com/media/catalog/ampshare/bosch/img-rd-376210-117_jpg/detail.jpg/normal.jpg","0.154","0.16","0.381","2.26","","main_product",1,"","","","","","",""
"","P00M1-18V","","","","","'https://www.nexmart.com/media/catalog/ampshare/planum_mach_1/planum_mach_1_-_18v/planum_mach_1_-_18v_.jpg/normal.jpg","0.22","0.3","0.4","5.6","","",1,"","","","","","",""
"","PK0001-12","","","","","'https://www.nexmart.com/media/catalog/ampshare/planum_mach_1/ersatzkoffer_planum_mach_1_-_12v/ersatzkoffer_planum_mach_1_-_12v_.png/normal.png","0.22","0.3","0.4","2.0","","",1,"","","","","","",""
"","PK0001-18","","","","","'https://www.nexmart.com/media/catalog/ampshare/planum_mach_1/ersatzkoffer_planum_mach_1_-_18v/ersatzkoffer_planum_mach_1_-_18v_.png/normal.png","0.22","0.3","0.4","2.0","","",1,"","","","","","",""
"","PAL001","","","","","'https://www.nexmart.com/media/catalog/ampshare/planum_mach_1/abziehlatte_1_0m_inkl__1x_oktagon/abziehlatte_1_0m__inkl__1x_oktagon_.jpg/normal.jpg","0.17","0.12","1.0","1.7","","",1,"","","","","","",""
"71400361000","71400361000","4014586897264","Akku-Spannung18V|Akku-KompatibilitätLi-Ionen / ProCORE Li-Ionen|Akku-Schnittstelle18 V AMPShare|Motorbürstenlos|Leerlaufdrehzahl0 - 980min⁻¹|Schlagzahl0 - 4 350min⁻¹|Schlagenergie2.6J|WerkzeugaufnahmeSDS-plus|Bohr- Beton26mm|Bohr- Mauerwerk68mm|Bohr- Stahl13mm|Bohr- Holz30mm|Gewicht ohne Akku3,20kg","","","'https://www.nexmart.com/media/catalog/ampshare/fein/367737_7_piso71400361_soft__ofc_jpg/detail.jpg/normal.jpg","0.152","0.358","0.445","6.2","","main_product",1,"","","","","","",""
"71400362000","71400362000","4014586900858","Akku-Spannung18V|Akku-Kapazität5Ah|Akku-KompatibilitätLi-Ionen / ProCORE Li-Ionen|Akku-Schnittstelle18 V AMPShare|Motorbürstenlos|Leerlaufdrehzahl0 - 980min⁻¹|Schlagzahl0 - 4 350min⁻¹|Schlagenergie2.6J|WerkzeugaufnahmeSDS-plus|Bohr- Beton26mm|Bohr- Mauerwerk68mm|Bohr- Stahl13mm|Bohr- Holz30mm|Gewicht ohne Akku3,20kg","","","'https://www.nexmart.com/media/catalog/ampshare/fein/388898_7_pset71400362000__ofc_jpg/detail.jpg/normal.jpg","0.152","0.358","0.445","7.0","","main_product",1,"","","","","","",""
"71460161000","71460161000","4014586897271","Akku-Spannung18V|Akku-KompatibilitätLi-Ionen / ProCORE Li-Ionen|Akku-Schnittstelle18 V AMPShare|Maximale Druckkraft3500N|Kapazität Kartusche310, 400ml|Kapazität Folienbeutel300, 400, 600ml|Vorschubgeschwindigkeit7mm/sek|Breite255mm|Länge635mm|Höhe80mm|Gewicht ohne Akku2,20kg","","","'https://www.nexmart.com/media/catalog/ampshare/fein/367982_7_piso71460161_soft__ofc_jpg/detail.jpg/normal.jpg","0.09","0.35","0.725","3.7822","","main_product",1,"","","","","","",""
"71902260000","71902260000","4014586898636","Akku-Spannung18V|Akku-KompatibilitätLi-Ionen / ProCORE Li-Ionen|Akku-Schnittstelle18 V AMPShare","","","'https://www.nexmart.com/media/catalog/ampshare/fein/374494_7_pset71902260__ofc_jpg/detail.jpg/normal.jpg","0.094","0.338","0.712","5.9","","main_product",1,"","","","","","",""
"71902360000","71902360000","4014586898643","Akku-Spannung18V|Akku-Kapazität4Ah|Akku-KompatibilitätLi-Ionen / ProCORE Li-Ionen|Akku-Schnittstelle18 V AMPShare","","","'https://www.nexmart.com/media/catalog/ampshare/fein/374493_7_pset71902360__ofc_jpg/detail.jpg/normal.jpg","0.094","0.338","0.712","7.8","","main_product",1,"","","","","","",""
"71902460000","71902460000","4014586898681","Akku-Spannung18V|Akku-KompatibilitätLi-Ionen / ProCORE Li-Ionen|Akku-Schnittstelle18 V AMPShare","","","'https://www.nexmart.com/media/catalog/ampshare/fein/374492_7_pset71902460__ofc_jpg/detail.jpg/normal.jpg","0.094","0.338","0.712","5.6","","main_product",1,"","","","","","",""
"71902560000","71902560000","4014586898698","Akku-Spannung18V|Akku-Kapazität4Ah|Akku-KompatibilitätLi-Ionen / ProCORE Li-Ionen|Akku-Schnittstelle18 V AMPShare","","","'https://www.nexmart.com/media/catalog/ampshare/fein/374491_7_pset71902560__ofc_jpg/detail.jpg/normal.jpg","0.094","0.338","0.712","7.5","","main_product",1,"","","","","","",""
"71380262000","71380262000","4014586898209","Akku-Spannung18V|Akku-KompatibilitätLi-Ionen / ProCORE Li-Ionen|Akku-Schnittstelle18 V AMPShare|Leerlaufdrehzahl2 400 - 7 500min⁻¹|Fasenlänge max. bei 45°5mm|Fasenhöhe max. bei 45°3,5mm|Fasenwinkel45°|Radius1,2 / 2,5 mm|Fräskopfbestückung3x SX-Platte|Auflagenteller 98mm|Gewicht ohne Akku2,52kg","","","'https://www.nexmart.com/media/catalog/ampshare/fein/366350_7_piso71380262_soft__ofc_jpg/detail.jpg/normal.jpg","0.253","0.357","0.442","6.18","","main_product",1,"","","","","","",""
"71380561000","71380561000","4014586898247","Akku-Spannung18V|Akku-KompatibilitätLi-Ionen / ProCORE Li-Ionen|Akku-Schnittstelle18 V AMPShare|Leerlaufdrehzahl2 400 - 7 500min⁻¹|Fasenlänge max. bei 45°5mm|Fasenhöhe max. bei 45°3,5mm|Fasenwinkel45°|Radius1,2 / 2,5 mm|Fräskopfbestückung3x SX-Platte|Auflagenteller 98mm|Gewicht ohne Akku2,52kg","","","'https://www.nexmart.com/media/catalog/ampshare/fein/368858_7_pset71380561__ofc_jpg/detail.jpg/normal.jpg","0.253","0.357","0.442","3.875","","main_product",1,"","","","","","",""
"71380562000","71380562000","4014586898254","Akku-Spannung18V|Akku-KompatibilitätLi-Ionen / ProCORE Li-Ionen|Akku-Schnittstelle18 V AMPShare|Leerlaufdrehzahl2 400 - 7 500min⁻¹|Fasenlänge max. bei 45°5mm|Fasenhöhe max. bei 45°3,5mm|Fasenwinkel45°|Radius1,2 / 2,5 mm|Fräskopfbestückung3x SX-Platte|Auflagenteller 98mm|Gewicht ohne Akku2,52kg","","","'https://www.nexmart.com/media/catalog/ampshare/fein/368856_7_pset71380562__ofc_jpg/detail.jpg/normal.jpg","0.253","0.357","0.442","8.629","","main_product",1,"","","","","","",""
"71380563000","71380563000","4014586898261","Akku-Spannung18V|Akku-KompatibilitätLi-Ionen / ProCORE Li-Ionen|Akku-Schnittstelle18 V AMPShare|Leerlaufdrehzahl2 400 - 7 500min⁻¹|Fasenlänge max. bei 45°5mm|Fasenhöhe max. bei 45°3,5mm|Fasenwinkel45°|Radius1,2 / 2,5 mm|Fräskopfbestückung3x SX-Platte|Auflagenteller 98mm|Gewicht ohne Akku2,52kg","","","'https://www.nexmart.com/media/catalog/ampshare/fein/368857_7_pset71380563__ofc_jpg/detail.jpg/normal.jpg","0.253","0.357","0.442","9.635","","main_product",1,"","","","","","",""
"71220761000","71220761000","4014586897202","Akku-Spannung18V|Akku-KompatibilitätLi-Ionen / ProCORE Li-Ionen|Akku-Schnittstelle18 V AMPShare|Motorbürstenlos|Leerlaufdrehzahl11 000min⁻¹|Schleifscheibe 125mm|Elast. Schleifteller 125mm|FlanscheM 14|Gewicht ohne Akku1,60kg","","","'https://www.nexmart.com/media/catalog/ampshare/fein/366929_7_piso71220761_soft__ofc_jpg/detail.jpg/normal.jpg","0.151","0.357","0.442","5.245","","main_product",1,"","","","","","",""
"71220961000","71220961000","4014586897226","Akku-Spannung18V|Akku-KompatibilitätLi-Ionen / ProCORE Li-Ionen|Akku-Schnittstelle18 V AMPShare|Motorbürstenlos|Leerlaufdrehzahl3 400 - 9 800min⁻¹|Schleifscheibe 125mm|Elast. Schleifteller 125mm|FlanscheM 14|Gewicht ohne Akku2,30kg","","","'https://www.nexmart.com/media/catalog/ampshare/fein/366928_7_pset71220961_soft__ofc_jpg/detail.jpg/normal.jpg","0.253","0.357","0.442","6.409","","main_product",1,"","","","","","",""
"71221361000","71221361000","4014586901275","Akku-Spannung18V|Akku-KompatibilitätLi-Ionen / ProCORE Li-Ionen|Akku-Schnittstelle18 V AMPShare|Motorbürstenlos|Leerlaufdrehzahl11 000min⁻¹|Schleifscheibe 125mm|Elast. Schleifteller 125mm|FlanscheM 14|Gewicht ohne Akku1,60kg","","","'https://www.nexmart.com/media/catalog/ampshare/fein/366929_7_piso71220761_soft__ofc_jpg/detail.jpg/normal.jpg","0.0","0.0","0.0","","","main_product",1,"","","","","","",""
"71221561000","71221561000","4068708004719","Akku-Spannung18V|Akku-KompatibilitätLi-Ionen / ProCORE Li-Ionen|Akku-Schnittstelle18 V AMPShare|Motorbürstenlos|Leerlaufdrehzahl2 500 - 8 500min⁻¹|Schleifscheibe 115mm|Elast. Schleifteller 115mm|FlanscheM 14|Gewicht ohne Akku2,20kg","","","'https://www.nexmart.com/media/catalog/ampshare/fein/388149_7_piso71221561_soft___ofc_jpg/detail.jpg/normal.jpg","0.253","0.357","0.442","5.794","","main_product",1,"","","","","","",""
"71221661000","71221661000","4068708005075","Akku-Spannung18V|Akku-KompatibilitätLi-Ionen / ProCORE Li-Ionen|Akku-Schnittstelle18 V AMPShare|Motorbürstenlos|Leerlaufdrehzahl2 500 - 8 500min⁻¹|Schleifscheibe 125mm|Elast. Schleifteller 125mm|FlanscheM 14|Gewicht ohne Akku2,20kg","","","'https://www.nexmart.com/media/catalog/ampshare/fein/388149_7_piso71221561_soft___ofc_jpg/detail.jpg/normal.jpg","0.253","0.357","0.442","5.814","","main_product",1,"","","","","","",""
"71221662000","71221662000","4014586901244","Akku-Spannung18V|Akku-KompatibilitätLi-Ionen / ProCORE Li-Ionen|Akku-Schnittstelle18 V AMPShare|Motorbürstenlos|Leerlaufdrehzahl2 500 - 8 500min⁻¹|Schleifscheibe 125mm|Elast. Schleifteller 125mm|FlanscheM 14|Gewicht ohne Akku2,20kg","","","'https://www.nexmart.com/media/catalog/ampshare/fein/389014_7_pset71221662000__ofc_jpg/detail.jpg/normal.jpg","0.253","0.357","0.442","","","main_product",1,"","","","","","",""
"71221761000","71221761000","4068708005082","Akku-Spannung18V|Akku-KompatibilitätLi-Ionen / ProCORE Li-Ionen|Akku-Schnittstelle18 V AMPShare|Motorbürstenlos|Leerlaufdrehzahl2 500 - 8 500min⁻¹|Schleifscheibe 115mm|Elast. Schleifteller 115mm|FlanscheM 14|Gewicht ohne Akku2,20kg","","","'https://www.nexmart.com/media/catalog/ampshare/fein/388151_7_piso71221761_soft___ofc_jpg/detail.jpg/normal.jpg","0.253","0.357","0.442","5.834","","main_product",1,"","","","","","",""
"71221861000","71221861000","4068708005464","Akku-Spannung18V|Akku-KompatibilitätLi-Ionen / ProCORE Li-Ionen|Akku-Schnittstelle18 V AMPShare|Motorbürstenlos|Leerlaufdrehzahl2 500 - 8 500min⁻¹|Schleifscheibe 125mm|Elast. Schleifteller 125mm|FlanscheM 14|Gewicht ohne Akku2,20kg","","","'https://www.nexmart.com/media/catalog/ampshare/fein/388155_7_pset71221761__ofc_jpg/detail.jpg/normal.jpg","0.253","0.357","0.442","5.854","","main_product",1,"","","","","","",""
"71221862000","71221862000","4014586901251","Akku-Spannung18V|Akku-Kapazität8Ah|Akku-KompatibilitätLi-Ionen / ProCORE Li-Ionen|Akku-Schnittstelle18 V AMPShare|Motorbürstenlos|Leerlaufdrehzahl2 500 - 8 500min⁻¹|Schleifscheibe 125mm|Elast. Schleifteller 125mm|FlanscheM 14|Gewicht ohne Akku2,20kg","","","'https://www.nexmart.com/media/catalog/ampshare/fein/389013_7_pset71221862000__ofc_jpg/detail.jpg/normal.jpg","0.253","0.357","0.442","","","main_product",1,"","","","","","",""
"71221961000","71221961000","4068708004764","Akku-Spannung18V|Akku-KompatibilitätLi-Ionen / ProCORE Li-Ionen|Akku-Schnittstelle18 V AMPShare|Motorbürstenlos|Leerlaufdrehzahl2 500 - 8 500min⁻¹|Schleifscheibe 115mm|Elast. Schleifteller 115mm|FlanscheM 14|Gewicht ohne Akku2,40kg","","","'https://www.nexmart.com/media/catalog/ampshare/fein/365353_7_piso71220561_soft__ofc_jpg/detail.jpg/normal.jpg","0.253","0.357","0.442","6.046","","main_product",1,"","","","","","",""
"71221962000","71221962000","4068708005556","Akku-Spannung18V|Akku-KompatibilitätLi-Ionen / ProCORE Li-Ionen|Akku-Schnittstelle18 V AMPShare|Motorbürstenlos|Leerlaufdrehzahl2 500 - 8 500min⁻¹|Schleifscheibe 115mm|Elast. Schleifteller 115mm|FlanscheM 14|Gewicht mit Akku3,30kg|Gewicht ohne Akku2,40kg","","","'https://www.nexmart.com/media/catalog/ampshare/fein/365358_7_piso71220561__ofc_jpg/detail.jpg/normal.jpg","0.253","0.357","0.442","8.949","","main_product",1,"","","","","","",""
"","PT00S1","","","","","'https://www.nexmart.com/media/catalog/ampshare/planum_mach_1/taloschen_4-er_set_inkl__koffer/taloschen_4-er_set_inkl__koffer_.png/normal.png","0.22","0.3","0.4","3.8","","",1,"","","","","","",""
"","PT0015","","","","","'https://www.nexmart.com/media/catalog/ampshare/planum_mach_1/talosche_einzeln_15cm/talosche_einzeln_15cm_.png/normal.png","0.07","0.15","0.16","0.49","","",1,"","","","","","",""
"","PT0018","","","","","'https://www.nexmart.com/media/catalog/ampshare/planum_mach_1/talosche_einzeln_18cm/talosche_einzeln_18cm_.png/normal.png","0.07","0.18","0.16","0.51","","",1,"","","","","","",""
"","PT0020","","","","","'https://www.nexmart.com/media/catalog/ampshare/planum_mach_1/talosche_einzeln_20cm/talosche_einzeln_20cm_.png/normal.png","0.07","0.2","0.16","0.55","","",1,"","","","","","",""
"","PT0025","","","","","'https://www.nexmart.com/media/catalog/ampshare/planum_mach_1/talosche_einzeln_25cm/talosche_einzeln_25cm_.png/normal.png","0.07","0.25","0.16","0.57","","",1,"","","","","","",""
"71222061000","71222061000","4014586900698","Akku-Spannung18V|Akku-KompatibilitätLi-Ionen / ProCORE Li-Ionen|Akku-Schnittstelle18 V AMPShare|Motorbürstenlos|Leerlaufdrehzahl2 500 - 8 500min⁻¹|Schleifscheibe 125mm|Elast. Schleifteller 125mm|FlanscheM 14|Gewicht ohne Akku2,40kg","","","'https://www.nexmart.com/media/catalog/ampshare/fein/365353_7_piso71220561_soft__ofc_jpg/detail.jpg/normal.jpg","0.253","0.357","0.442","","","main_product",1,"","","","","","",""
"71222062000","71222062000","4068708004795","Akku-Spannung18V|Akku-KompatibilitätLi-Ionen / ProCORE Li-Ionen|Akku-Schnittstelle18 V AMPShare|Motorbürstenlos|Leerlaufdrehzahl2 500 - 8 500min⁻¹|Schleifscheibe 125mm|Elast. Schleifteller 125mm|FlanscheM 14|Gewicht mit Akku3,30kg|Gewicht ohne Akku2,40kg","","","'https://www.nexmart.com/media/catalog/ampshare/fein/367787_7_pset71220562__ofc_jpg/detail.jpg/normal.jpg","0.253","0.357","0.442","8.979","","main_product",1,"","","","","","",""
"71230461000","71230461000","4014586897158","Akku-Spannung18V|Akku-KompatibilitätLi-Ionen / ProCORE Li-Ionen|Akku-Schnittstelle18 V AMPShare|Motorbürstenlos|Leerlaufdrehzahl9 000 - 28 000min⁻¹|Schleifkörper max. 50mm|Spannzange max. 8mm|Fräser max. 12mm|Gewicht ohne Akku1,35kg","","","'https://www.nexmart.com/media/catalog/ampshare/fein/366358_7_piso71230461_soft__ofc_jpg/detail.jpg/normal.jpg","0.253","0.357","0.442","5.019","","main_product",1,"","","","","","",""
"","PT0060","","","","","'https://www.nexmart.com/media/catalog/ampshare/planum_mach_1/talosche_60cm_x_30cm/talosche__60cm_x_30cm_.png/normal.png","0.08","0.3","0.6","2.6","","",1,"","","","","","",""
"0 601 4A3 000","06014A3000","4059952507811","TitelRadio GPB 18V-2 C Professional|Neuheit bis07.09.2022|Verpackungsabmessungen (Breite)200mm|Verpackungsabmessungen (Länge)385mm|Verpackungsabmessungen (Höhe)162mm|Verpackungsabmessungen (Breite x Länge x Höhe)200 x 385 x 162mm|Akkuspannung18,0 V|Radiofrequenzbereich FM, von87,5MHz|Radiofrequenzbereich FM, bis zu108MHz|Radiofrequenzbereich FM87,5 – 108MHz|Speicherplätze FM8|Eingangsspannung(en) Akku, von18V|Eingangsspannung(en) Akku18V|Speicherplätze8|Eingangsspannung(en) Netz, von100V|Eingangsspannung(en) Netz, bis zu240V|Eingangsspannung(en) Netz100 – 240V|Ausgangsspannung(en) Netz18V|Gewicht exkl. Akku2,5kg|Nennleistung Verstärker (bei Netzbetrieb)15W|Unterteilung der ProduktkategorienRadio","","","'https://www.nexmart.com/media/catalog/ampshare/bosch/img-rd-332745-117_jpg/detail.jpg/normal.jpg","0.162","0.2","0.385","2.57","","main_product",1,"","","","","","",""
"","PT0122","","","","","'https://www.nexmart.com/media/catalog/ampshare/planum_mach_1/talosche_122cm_x_20cm/talosche__122cm_x_20cm_.png/normal.png","0.08","0.22","1.22","3.3","","",1,"","","","","","",""
"0 601 4A4 000","06014A4000","4059952559452","TitelRadio GPB 18V-5 C Professional|Neuheit bis07.09.2022|Verpackungsabmessungen (Breite)365mm|Verpackungsabmessungen (Länge)375mm|Verpackungsabmessungen (Höhe)360mm|Verpackungsabmessungen (Breite x Länge x Höhe)365 x 375 x 360mm|Akkuspannung18,0 V|Radiofrequenzbereich FM, von87,5MHz|Radiofrequenzbereich FM, bis zu108MHz|Radiofrequenzbereich FM87,5 – 108MHz|Speicherplätze FM4|Eingangsspannung(en) Akku, von18V|Eingangsspannung(en) Akku18V|Eingangsspannung(en) Netz, von100V|Eingangsspannung(en) Netz, bis zu240V|Eingangsspannung(en) Netz100 – 240V|Gewicht exkl. Akku8,8kg|Nennleistung Verstärker (bei Netzbetrieb)40W|Unterteilung der ProduktkategorienRadio","","","'https://www.nexmart.com/media/catalog/ampshare/bosch/img-rd-334407-117_jpg/detail.jpg/normal.jpg","0.36","0.365","0.375","9.53","","main_product",1,"","","","","","",""
"","PT0140","","","","","'https://www.nexmart.com/media/catalog/ampshare/planum_mach_1/talosche_140cm_x_25cm/talosche__140cm_x_25cm_.png/normal.png","0.12","0.26","1.4","4.4","","",1,"","","","","","",""
"","PTX001","","","","","'https://www.nexmart.com/media/catalog/ampshare/planum_mach_1/oktagon_einzeln__schraubbar_/oktagon_einzeln__schraubbar__.png/normal.png","0.12","0.12","0.13","1.1","","",1,"","","","","","",""
"0 601 9J5 101","06019J5101","4059952523255","Schlagzahl, max.30.000bpm|Bohrfutterspannbereich, min.1,5mm|Bohrfutterspannbereich, max.13mm|Bohrfutterspannbereich, min./max.1,5 / 13mm|Bohr- Mauerwerk, max.20mm|TitelAkku-Schlagbohrschrauber GSB 18V-150 C Professional|Neuheit bis01.09.2021|Werkzeugabmessungen (Höhe)220mm|Verpackungsabmessungen (Breite)306mm|Verpackungsabmessungen (Länge)405mm|Verpackungsabmessungen (Höhe)99mm|Verpackungsabmessungen (Breite x Länge x Höhe)306 x 405 x 99mm|Bohr- Holz, max.150mm|Akkuspannung18,0 V|Drehmoment (weich)84Nm|Drehmoment (hart)100Nm|Drehmoment (max.)150Nm|Drehmoment (weich/hart/max.)84/100/150Nm|AkkutypLithium-Ionen|Leerlaufdrehzahl, 1. Gang, von0min-1|Leerlaufdrehzahl, 1. Gang, bis550min-1|Leerlaufdrehzahl, 2. Gang, von0min-1|Leerlaufdrehzahl, 2. Gang, bis2.200min-1|Leerlaufdrehzahl (1. Gang / 2. Gang)0 – 550 / 0 – 2.200min-1|Gewicht exkl. Akku2,2kg|Drehmomentstufen (Standard)25|Drehmomentstufen (zusätzlich)2|Drehmomentstufen25+2|Bohr- Stahl, max.16mm|Schrauben-, max.13mm|Unterteilung der ProduktkategorienAkku-Schlagbohrschrauber","","","'https://www.nexmart.com/media/catalog/ampshare/bosch/img-rd-348043-117_jpg/detail.jpg/normal.jpg","0.099","0.306","0.405","2.171","","main_product",1,"","","","","","",""
"0 601 4A4 100","06014A4100","4059952559506","TitelRadio GPB 18V-5 SC Professional|Neuheit bis07.09.2022|Verpackungsabmessungen (Breite)365mm|Verpackungsabmessungen (Länge)380mm|Verpackungsabmessungen (Höhe)363mm|Verpackungsabmessungen (Breite x Länge x Höhe)365 x 380 x 363mm|Akkuspannung18,0 V|Radiofrequenzbereich FM, von87,5MHz|Radiofrequenzbereich FM, bis zu108MHz|Radiofrequenzbereich FM87,5 – 108MHz|Radiofrequenzbereich DAB+, von174,928MHz|Radiofrequenzbereich DAB+, bis239,2MHz|Radiofrequenzbereich DAB+174,928 – 239,2MHz|Speicherplätze FM4|Speicherplätze DAB+4|Eingangsspannung(en) Akku, von18V|Eingangsspannung(en) Akku18V|Eingangsspannung(en) Netz, von100V|Eingangsspannung(en) Netz, bis zu240V|Eingangsspannung(en) Netz100 – 240V|Gewicht exkl. Akku8,8kg|Nennleistung Verstärker (bei Netzbetrieb)40W|Unterteilung der ProduktkategorienRadio","","","'https://www.nexmart.com/media/catalog/ampshare/bosch/img-rd-334410-117_jpg/detail.jpg/normal.jpg","0.363","0.365","0.38","9.46","","main_product",1,"","","","","","",""
"0 611 919 010","0611919000","4059952559414","TitelAkku-Bohrhammer mit SDS plus GBH 18V-28 DC Professional|Neuheit bis01.08.2022|Werkzeugabmessungen (Länge)437mm|Verpackungsabmessungen (Breite)245mm|Verpackungsabmessungen (Länge)475mm|Verpackungsabmessungen (Höhe)109mm|Verpackungsabmessungen (Breite x Länge x Höhe)245 x 475 x 109mm|Akkuspannung18,0 V|Schlagenergie (gemäß EPTA 05/2016)3,4J|Schlagzahl bei Nenndrehzahl, von0bpm|Schlagzahl bei Nenndrehzahl, bis zu4.250bpm|Schlagzahl bei Nenndrehzahl0 – 4.250bpm|Nenndrehzahl, von0min-1|Nenndrehzahl, bis zu950min-1|Nenndrehzahl0 – 950min-1|Gewicht exkl. Akku3kg|WerkzeugaufnahmeSDS plus|Bohr- Beton mit Hammerbohrern, von4mm|Bohr- Beton mit Hammerbohrern, bis28mm|Bohr- in Beton mit Hammerbohrern4 – 28mm|Rec. app. range in concr. with ham. dr. bits, from8mm|Rec. app. range in concr. with hammer dr. bits, to16mm|Optimaler Einsatzbereich Beton mit Hammerbohrern8 – 16mm|Max. Bohrdurchmesser in Metall13mm|Max. Bohr- Holz30mm|Unterteilung der ProduktkategorienAkku-Bohrhammer mit SDS plus","","","'https://www.nexmart.com/media/catalog/ampshare/bosch/img-rd-374460-117_jpg/detail.jpg/normal.jpg","0.109","0.245","0.475","2.997","","main_product",1,"","","","","","",""
"0 601 482 200","0601482200","4053423252606","TitelAkku-Holznagler GNH 18V-64 MD Professional|Neuheit bis01.08.2024|Verpackungsabmessungen (Breite)330mm|Verpackungsabmessungen (Länge)425mm|Verpackungsabmessungen (Höhe)110mm|Verpackungsabmessungen (Breite x Länge x Höhe)330 x 425 x 110mm|Akkuspannung18,0 V|Magazin Winkel34°|Nagel-, von1,8mm|Nagel-1,8mm|Nagellänge, von32mm|Nagellänge, bis zu64mm|Nagellänge32 – 64mm|Nagel-/KlammertypDA Stauchkopfnagel|AuslösesystemSerienauslösung + Kontaktauslösung mit automatischer Umkehrung|Gewicht exkl. Akku3,1kg|Magazinkapazität105Stck|Kompatible Nägel/KlammernBosch Nägel|Unterteilung der ProduktkategorienAkku-Holznagler","","","'https://www.nexmart.com/media/catalog/ampshare/bosch/img-rd-427472-117_jpg/detail.jpg/normal.jpg","0.11","0.33","0.425","3.1","","main_product",1,"","","","","","",""
"0 601 9J4 100","06019J4100","4059952634463","TitelAkku-Winkelschleifer GWS 18V-10 P Professional|Neuheit bis01.08.2023|Verpackungsabmessungen (Breite)134mm|Verpackungsabmessungen (Länge)387mm|Verpackungsabmessungen (Höhe)162mm|Verpackungsabmessungen (Breite x Länge x Höhe)134 x 387 x 162mm|Akkuspannung18,0 V|Leerlaufdrehzahl, bis zu9.000min-1|Leerlaufdrehzahl9.000min-1|SchleifspindelgewindeM14|Gewicht exkl. Akku1,9kg|Scheiben-125mm|Unterteilung der ProduktkategorienAkku-Winkelschleifer","","","'https://www.nexmart.com/media/catalog/ampshare/bosch/img-rd-391378-117_jpg/detail.jpg/normal.jpg","0.162","0.134","0.387","1.1","","main_product",1,"","","","","","",""
"0 601 9H9 101","06019H9101","4059952568973","TitelAkku-Winkelschleifer mit X-LOCK GWX 18V-7 Professional|Neuheit bis01.08.2021|Verpackungsabmessungen (Breite)118mm|Verpackungsabmessungen (Länge)358mm|Verpackungsabmessungen (Höhe)138mm|Verpackungsabmessungen (Breite x Länge x Höhe)118 x 358 x 138mm|Akkuspannung18,0 V|Gewicht inkl. Akku2,3kg|Leerlaufdrehzahl, bis zu11.000min-1|Leerlaufdrehzahl11.000min-1|Gewicht exkl. Akku1,6kg|Scheiben-125mm|Unterteilung der ProduktkategorienAkku-Winkelschleifer mit X-LOCK","","","'https://www.nexmart.com/media/catalog/ampshare/bosch/img-rd-345415-117_jpg/detail.jpg/normal.jpg","0.138","0.118","0.358","1.6","","main_product",1,"","","","","","",""
"0 601 9B5 401","06019B5401","4059952623832","Unterteilung der ProduktkategorienAkku-Geradschleifer|TitelAkku-Geradschleifer GGS 18V-20 Professional|Neuheit bis01.08.2022|Akkuspannung18,0 V|Leerlaufdrehzahl24.000min-1|Gewicht exkl. Akku1,2kg|WerkzeugaufnahmeSpannzange","","","'https://www.nexmart.com/media/catalog/ampshare/bosch/img-rd-369863-117_jpg/detail.jpg/normal.jpg","0.09","0.122","0.338","1.12","","main_product",1,"","","","","","",""
"0 601 B47 000","0601B47000","4059952608402","Neigungseinstellung, links47°|Neigungseinstellung, rechts47°|Neigungseinstellung47 ° L / 47 ° R|Werkzeugabmessungen (Breite)817mm|Werkzeugabmessungen (Länge)569mm|Werkzeugabmessungen (Höhe)825mm|Werkzeugabmessungen (Breite x Länge x Höhe)817 x 569 x 825mm|TitelAkku-Kapp- und Gehrungssäge BITURBO GCM 18V-216 DC Professional|Neuheit bis01.09.2022|SOL Datum01.06.2022|Verpackungsabmessungen (Breite)588mm|Verpackungsabmessungen (Länge)772mm|Verpackungsabmessungen (Höhe)445mm|Verpackungsabmessungen (Breite x Länge x Höhe)588 x 772 x 445mm|Akkuspannung18,0 V|Sägeblattdurchmesser216mm|Gewicht15,3kg|Schnittkapazität bei 0°, Höhe70mm|Schnittkapazität bei 0°, Breite300mm|Schnittkapazität 0°70 x 300mm|Schnittkapazität bei 45° Gehrung, Höhe65mm|Schnittkapazität bei 45° Gehrung, Breite214mm|Schnittkapazität 45° Gehrung65 x 214mm|Schnittkapazität bei 45° Neigung, Höhe45mm|Schnittkapazität bei 45° Neigung, Breite306mm|Schnittkapazität 45°-Neigung45 x 306mm|Gehrungseinstellung, links52°|Gehrungseinstellung, rechts60°|Gehrungseinstellung52 ° L / 60 ° R|Leerlaufdrehzahl, von2.500min-1|Leerlaufdrehzahl, bis zu4.500min-1|Leerlaufdrehzahl2.500 – 4.500min-1|Sägeblattbohrungs-30mm|Unterteilung der ProduktkategorienAkku-Kapp- und Gehrungssäge BITURBO","","","'https://www.nexmart.com/media/catalog/ampshare/bosch/img-rd-369895-117_jpg/detail.jpg/normal.jpg","0.445","0.588","0.772","15.3","","main_product",1,"","","","","","",""
"0 601 9C6 302","06019C6302","3165140995405","TitelAkku-Staubsauger GAS 18V-10 L Professional|Verpackungsabmessungen (Breite)416mm|Verpackungsabmessungen (Länge)422mm|Verpackungsabmessungen (Höhe)334mm|Verpackungsabmessungen (Breite x Länge x Höhe)416 x 422 x 334mm|Akkuspannung18,0 V|Gewicht exkl. Akku4,7kg|Saugschlauch-Nennbreite35mm|Filterfläche2.375cm²|Max. Luftstromgeschwindigkeit (Turbine)34,0l/s|Max. Unterdruck (Turbine)115mbar|Behältervolumen brutto10l|Behältervolumen netto6l|Behältervolumen netto Wasser6l|Staubklasse Nass-/TrockensaugerL|StaubklasseL|Betriebszeit 18 V4min/Ah|Unterteilung der ProduktkategorienAkku-Staubsauger","","","'https://www.nexmart.com/media/catalog/ampshare/bosch/img-rd-316903-117_jpg/detail.jpg/normal.jpg","0.334","0.416","0.422","6.1","","main_product",1,"","","","","","",""
"","PTX002","","","","","'https://www.nexmart.com/media/catalog/ampshare/planum_mach_1/oktagon_einzeln__schraubbar_/oktagon_einzeln__schraubbar__.png/normal.png","0.07","0.11","0.13","0.4","","",1,"","","","","","",""
"","PSW001","","","","","'https://www.nexmart.com/media/catalog/ampshare/planum_mach_1/stachelwalze_140cm/stachelwalze_140cm_.jpg/normal.jpg","0.15","0.15","1.43","3.2","","",1,"","","","","","",""
"0 601 2A6 500","06012A6500","4059952586687","Luftstrom175l/min|TitelAkku-Heißluftgebläse GHG 18V-50 Professional|Neuheit bis01.04.2022|Arbeitstemperatur300 - 500°C","","","'https://www.nexmart.com/media/catalog/ampshare/bosch/img-rd-347724-117_jpg/detail.jpg/normal.jpg","0.091","0.213","0.222","0.61","","main_product",1,"","","","","","",""
"0 601 9H5 302","06019H5302","4059952509396","TitelAkku-Schlagbohrschrauber GSB 18V-55 Professional|Neuheit bis01.07.2020|Werkzeugabmessungen (Höhe)207mm|Verpackungsabmessungen (Breite)263mm|Verpackungsabmessungen (Länge)320mm|Verpackungsabmessungen (Höhe)112mm|Verpackungsabmessungen (Breite x Länge x Höhe)263 x 320 x 112mm|Bohr- Holz, max.35mm|Akkuspannung18,0 V|Drehmoment (weich)28Nm|Drehmoment (hart)55Nm|Drehmoment (weich/hart/max.)28/55/-Nm|AkkutypLithium-Ionen|Leerlaufdrehzahl, 1. Gang, von0min-1|Leerlaufdrehzahl, 1. Gang, bis460min-1|Leerlaufdrehzahl, 2. Gang, von0min-1|Leerlaufdrehzahl, 2. Gang, bis1.800min-1|Leerlaufdrehzahl (1. Gang / 2. Gang)0 – 460 / 0 – 1.800min-1|Bohrfutterspannbereich, min.1,5mm|Bohrfutterspannbereich, max.13mm|Bohrfutterspannbereich, min./max.1,5 / 13mm|Gewicht exkl. Akku1kg|Drehmomentstufen (Standard)20|Drehmomentstufen (zusätzlich)2|Drehmomentstufen20+2|Bohr- Stahl, max.13mm|Bohr- Mauerwerk, max.13mm|Schrauben-, max.10mm|Unterteilung der ProduktkategorienAkku-Schlagbohrschrauber","","","'https://www.nexmart.com/media/catalog/ampshare/bosch/img-rd-375556-117_jpg/detail.jpg/normal.jpg","0.112","0.263","0.32","1.0","","main_product",1,"","","","","","",""
"0 601 9G0 309","06019G0309","3165140956307","TitelAkku-Schlagbohrschrauber GSB 18V-110 C Professional|Verpackungsabmessungen (Breite)263mm|Verpackungsabmessungen (Länge)323mm|Verpackungsabmessungen (Höhe)114mm|Verpackungsabmessungen (Breite x Länge x Höhe)263 x 323 x 114mm|Bohr- Holz, max.82mm|Akkuspannung18,0 V|Drehmoment (weich)47Nm|Drehmoment (hart)85Nm|Drehmoment (max.)110Nm|Drehmoment (weich/hart/max.)47/85/110Nm|AkkutypLithium-Ionen|Leerlaufdrehzahl, 1. Gang, von0min-1|Leerlaufdrehzahl, 1. Gang, bis480min-1|Leerlaufdrehzahl, 2. Gang, von0min-1|Leerlaufdrehzahl, 2. Gang, bis2.100min-1|Leerlaufdrehzahl (1. Gang / 2. Gang)0 – 480 / 0 – 2.100min-1|Schlagzahl, max.31.500bpm|Bohrfutterspannbereich, min.1,5mm|Bohrfutterspannbereich, max.13mm|Bohrfutterspannbereich, min./max.1,5 / 13mm|Gewicht exkl. Akku1,9kg|Drehmomentstufen (Standard)25|Drehmomentstufen (zusätzlich)2|Drehmomentstufen25+2|Bohr- Stahl, max.13mm|Bohr- Mauerwerk, max.16mm|Schrauben-, max.12mm|Unterteilung der ProduktkategorienAkku-Schlagbohrschrauber","","","'https://www.nexmart.com/media/catalog/ampshare/bosch/img-rd-316682-117_jpg/normal.jpg/normal.jpg","0.114","0.263","0.323","2.0","","main_product",1,"","","","","","",""
"0 601 9H6 500","06019H6500","3165140964562","TitelAkku-Winkelschleifer BITURBO mit X-LOCK GWX 18V-15 SC Professional|Neuheit bis15.11.2020|Verpackungsabmessungen (Breite)360mm|Verpackungsabmessungen (Länge)449mm|Verpackungsabmessungen (Höhe)155mm|Verpackungsabmessungen (Breite x Länge x Höhe)360 x 449 x 155mm|Akkuspannung18,0 V|Gewicht inkl. Akku3,3kg|Leerlaufdrehzahl, von3.400min-1|Leerlaufdrehzahl, bis zu9.800min-1|Leerlaufdrehzahl3.400 – 9.800min-1|Gewicht exkl. Akku2,3kg|Scheiben-125mm|Unterteilung der ProduktkategorienAkku-Winkelschleifer BITURBO mit X-LOCK","","","'https://www.nexmart.com/media/catalog/ampshare/bosch/img-rd-295222-117_jpg/detail.jpg/normal.jpg","0.155","0.36","0.449","1.89","","main_product",1,"","","","","","",""
"0 601 B51 000","0601B51000","4059952613239","TitelAkku-Kapp- und Gehrungssäge BITURBO GCM 18V-216 D Professional|Neuheit bis01.08.2023|SOL Datum01.05.2023|Verpackungsabmessungen (Breite)555mm|Verpackungsabmessungen (Länge)790mm|Verpackungsabmessungen (Höhe)350mm|Verpackungsabmessungen (Breite x Länge x Höhe)555 x 790 x 350mm|Akkuspannung18,0 V|Sägeblattdurchmesser216mm|Gewicht16,2kg|Schnittkapazität bei 0°, Höhe70mm|Schnittkapazität bei 0°, Breite305mm|Schnittkapazität 0°70 x 305mm|Schnittkapazität bei 45° Gehrung, Höhe70mm|Schnittkapazität bei 45° Gehrung, Breite215mm|Schnittkapazität 45° Gehrung70 x 215mm|Schnittkapazität bei 45° Neigung, Höhe42mm|Schnittkapazität bei 45° Neigung, Breite305mm|Schnittkapazität 45°-Neigung42 x 305mm|Gehrungseinstellung, links48°|Gehrungseinstellung, rechts48°|Gehrungseinstellung48 ° L / 48 ° R|Neigungseinstellung, links47°|Neigungseinstellung, rechts47°|Neigungseinstellung47 ° L / 47 ° R|Werkzeugabmessungen (Breite)464mm|Werkzeugabmessungen (Länge)770mm|Werkzeugabmessungen (Höhe)594mm|Werkzeugabmessungen (Breite x Länge x Höhe)464 x 770 x 594mm|Leerlaufdrehzahl, von5.000min-1|Leerlaufdrehzahl5.000min-1|Sägeblattbohrungs-30mm|Unterteilung der ProduktkategorienAkku-Kapp- und Gehrungssäge BITURBO","","","'https://www.nexmart.com/media/catalog/ampshare/bosch/img-rd-402434-117_jpg/detail.jpg/normal.jpg","0.35","0.555","0.79","16.2","","main_product",1,"","","","","","",""
"0 601 9J5 001","06019J5001","4059952523200","TitelAkku-Bohrschrauber GSR 18V-150 C Professional|Neuheit bis01.09.2021|Werkzeugabmessungen (Höhe)220mm|Verpackungsabmessungen (Breite)306mm|Verpackungsabmessungen (Länge)404mm|Verpackungsabmessungen (Höhe)96mm|Verpackungsabmessungen (Breite x Länge x Höhe)306 x 404 x 96mm|Bohr- Holz, max.150mm|Akkuspannung18,0 V|Drehmoment (weich)84Nm|Drehmoment (hart)100Nm|Drehmoment (max.)150Nm|Drehmoment (weich/hart/max.)84/100/150Nm|AkkutypLithium-Ionen|Leerlaufdrehzahl, 1. Gang, von0min-1|Leerlaufdrehzahl, 1. Gang, bis550min-1|Leerlaufdrehzahl, 2. Gang, von0min-1|Leerlaufdrehzahl, 2. Gang, bis2.200min-1|Leerlaufdrehzahl (1. Gang / 2. Gang)0 – 550 / 0 – 2.200min-1|Bohrfutterspannbereich, min.1,5mm|Bohrfutterspannbereich, max.13mm|Bohrfutterspannbereich, min./max.1,5 / 13mm|Gewicht exkl. Akku2,1kg|Drehmomentstufen (Standard)25|Drehmomentstufen (zusätzlich)1|Drehmomentstufen25+1|Bohr- Stahl, max.16mm|Schrauben-, max.13mm|Unterteilung der ProduktkategorienAkku-Bohrschrauber","","","'https://www.nexmart.com/media/catalog/ampshare/bosch/img-rd-348099-117_jpg/detail.jpg/normal.jpg","0.096","0.306","0.404","2.171","","main_product",1,"","","","","","",""
"0 601 9C4 100","06019C4100","3165140708968","Kapazität Kartuschen310ml|TitelAkku-Kartuschenpresse GCG 18V-310 Professional|Neuheit bis01.08.2021|SOL Datum01.05.2021|Verpackungsabmessungen (Breite)286mm|Verpackungsabmessungen (Länge)546mm|Verpackungsabmessungen (Höhe)96mm|Verpackungsabmessungen (Breite x Länge x Höhe)286 x 546 x 96mm|Akkuspannung18,0 V|Druckkraft3,5kN|Vorschubgeschwindigkeit7mm/Sek|Gewicht exkl. Akku2kg|Unterteilung der ProduktkategorienAkku-Kartuschenpresse","","","'https://www.nexmart.com/media/catalog/ampshare/bosch/img-rd-325963-117_jpg/detail.jpg/normal.jpg","0.096","0.286","0.546","1.38","","main_product",1,"","","","","","",""
"0 601 9J8 500","06019J8500","4059952564654","TitelAkku-Drehschlagschrauber GDS 18V-1050 H Professional|Neuheit bis01.04.2021|Werkzeugabmessungen (Breite)86mm|Werkzeugabmessungen (Länge)222mm|Werkzeugabmessungen (Höhe)240mm|Verpackungsabmessungen (Breite)266mm|Verpackungsabmessungen (Länge)287mm|Verpackungsabmessungen (Höhe)97mm|Verpackungsabmessungen (Breite x Länge x Höhe)266 x 287 x 97mm|Leerlaufdrehzahl, von0U/min|Leerlaufdrehzahl, bis zu800U/min|Leerlaufdrehzahl0-800U/min|Akkuspannung18,0 V|Werkzeugaufnahme3/4'' Vierkant|Losbrechmoment, max.1700Nm|Drehmomenteinstellbereich, min. 1. Stufe0Nm|Drehmomenteinstellbereich, max. 1. Stufe350Nm|Drehmomenteinstellbereich, min./max., 1. Stufe0/350Nm|Drehmomenteinstellbereich, min. 2. Stufe0Nm|Drehmomenteinstellbereich, max. 2. Stufe750Nm|Drehmomenteinstellbereich, min./max., 2. Stufe0/750Nm|Drehmomenteinstellbereich, min. 3. Stufe0Nm|Drehmomenteinstellbereich, max. 3. Stufe1050Nm|Drehmomenteinstellbereich, min./max., 3. Stufe0/1050Nm|Leerlaufdrehzahl, 1. Stufe, von0min-1|Leerlaufdrehzahl, 1. Stufe, bis800min-1|Leerlaufdrehzahl (1. Stufe)0-800min-1|Leerlaufdrehzahl, 2. Stufe, von0min-1|Leerlaufdrehzahl, 2. Stufe, bis1.200min-1|Leerlaufdrehzahl (2. Stufe)0-1.200min-1|Leerlaufdrehzahl (3. Stufe)0-1.750min-1|Drehmomentstufen3|Gewicht exkl. Akku2,9kg|Drehmoment, max.1050Nm|Schlagzahl, von0bpm|Schlagzahl, bis zu2.600bpm|Schlagzahl0-2.600bpm|Schlagzahl (1. Stufe)0-1.600bpm|Schlagzahl (2. Stufe)0-2.400bpm|Schlagzahl (3. Stufe)0-2.600bpm|SchraubengrößeM 14 - M 24|Unterteilung der ProduktkategorienAkku-Drehschlagschrauber","","","'https://www.nexmart.com/media/catalog/ampshare/bosch/img-rd-333712-117_jpg/detail.jpg/normal.jpg","0.097","0.266","0.287","2.95","","main_product",1,"","","","","","",""
"0 601 9J0 200","06019J0200","3165140971423","TitelAkku-Drehschlagschrauber GDX 18V-210 C Professional|Neuheit bis01.04.2022|Werkzeugabmessungen (Breite)61mm|Werkzeugabmessungen (Länge)147mm|Werkzeugabmessungen (Höhe)205mm|Verpackungsabmessungen (Breite)1mm|Verpackungsabmessungen (Länge)1mm|Verpackungsabmessungen (Höhe)1mm|Verpackungsabmessungen (Breite x Länge x Höhe)1 x 1 x 1mm|Leerlaufdrehzahl, von0U/min|Leerlaufdrehzahl, bis zu3.400U/min|Leerlaufdrehzahl0-3.400U/min|Akkuspannung18,0 V|Werkzeugaufnahme1/4'' Sechskant Uni|Losbrechmoment, max.370Nm|Drehmomenteinstellbereich, min. 1. Stufe0Nm|Drehmomenteinstellbereich, max. 1. Stufe130Nm|Drehmomenteinstellbereich, min./max., 1. Stufe0/130Nm|Drehmomenteinstellbereich, min. 2. Stufe0Nm|Drehmomenteinstellbereich, max. 2. Stufe160Nm|Drehmomenteinstellbereich, min./max., 2. Stufe0/160Nm|Drehmomenteinstellbereich, min. 3. Stufe0Nm|Drehmomenteinstellbereich, max. 3. Stufe210Nm|Drehmomenteinstellbereich, min./max., 3. Stufe0/210Nm|Leerlaufdrehzahl, 1. Stufe, von0min-1|Leerlaufdrehzahl, 1. Stufe, bis1.100min-1|Leerlaufdrehzahl (1. Stufe)0-1.100min-1|Leerlaufdrehzahl, 2. Stufe, von0min-1|Leerlaufdrehzahl, 2. Stufe, bis2.300min-1|Leerlaufdrehzahl (2. Stufe)0-2.300min-1|Leerlaufdrehzahl (3. Stufe)0-3.400min-1|Drehmomentstufen3|Gewicht exkl. Akku1,2kg|Drehmoment, max.210Nm|Schlagzahl, von0bpm|Schlagzahl, bis zu4.100bpm|Schlagzahl0-4.100bpm|Schlagzahl (1. Stufe)0-2.200bpm|Schlagzahl (2. Stufe)0-3.100bpm|Schlagzahl (3. Stufe)0-4.100bpm|SchraubengrößeM 6 – M 16|Unterteilung der ProduktkategorienAkku-Drehschlagschrauber","","","'https://www.nexmart.com/media/catalog/ampshare/bosch/img-rd-346681-117_jpg/detail.jpg/normal.jpg","0.001","0.001","0.001","1.2","","main_product",1,"","","","","","",""
"0 601 7B0 400","06017B0400","3165140962452","TitelAkku-Winkelschleifer mit X-LOCK GWX 18V-10 SC Professional|Neuheit bis01.10.2019|Verpackungsabmessungen (Breite)360mm|Verpackungsabmessungen (Länge)442mm|Verpackungsabmessungen (Höhe)155mm|Verpackungsabmessungen (Breite x Länge x Höhe)360 x 442 x 155mm|Akkuspannung18,0 V|Leerlaufdrehzahl, von4.500min-1|Leerlaufdrehzahl, bis zu9.000min-1|Leerlaufdrehzahl4.500 – 9.000min-1|Gewicht exkl. Akku2kg|Scheiben-125mm|Gummischleifteller, 125mm|Unterteilung der ProduktkategorienAkku-Winkelschleifer mit X-LOCK","","","'https://www.nexmart.com/media/catalog/ampshare/bosch/img-rd-285621-117_jpg/detail.jpg/normal.jpg","0.155","0.36","0.442","1.59","","main_product",1,"","","","","","",""
"0 601 7B0 800","06017B0800","3165140962483","TitelAkku-Winkelschleifer mit X-LOCK GWX 18V-10 PSC Professional|Neuheit bis01.10.2019|Verpackungsabmessungen (Breite)360mm|Verpackungsabmessungen (Länge)455mm|Verpackungsabmessungen (Höhe)155mm|Verpackungsabmessungen (Breite x Länge x Höhe)360 x 455 x 155mm|Akkuspannung18,0 V|Leerlaufdrehzahl, von4.500min-1|Leerlaufdrehzahl, bis zu9.000min-1|Leerlaufdrehzahl4.500 – 9.000min-1|Gewicht exkl. Akku2kg|Scheiben-125mm|Gummischleifteller, 125mm|Unterteilung der ProduktkategorienAkku-Winkelschleifer mit X-LOCK","","","'https://www.nexmart.com/media/catalog/ampshare/bosch/img-rd-285609-117_jpg/detail.jpg/normal.jpg","0.155","0.36","0.455","1.59","","main_product",1,"","","","","","",""
"0 601 229 100","0601229100","3165140945721","TitelAkku-Geradschleifer GGS 18V-23 LC Professional|Neuheit bis31.08.2019|Verpackungsabmessungen (Breite)360mm|Verpackungsabmessungen (Länge)441mm|Verpackungsabmessungen (Höhe)155mm|Verpackungsabmessungen (Breite x Länge x Höhe)360 x 441 x 155mm|Akkuspannung18,0 V|Gewicht inkl. Akku0,0kg|Leerlaufdrehzahl23.500min-1|Gewicht exkl. Akku1,4kg|WerkzeugaufnahmeSpannzange|Unterteilung der ProduktkategorienAkku-Geradschleifer","","","'https://www.nexmart.com/media/catalog/ampshare/bosch/img-rd-295497-117_jpg/detail.jpg/normal.jpg","0.155","0.36","0.441","2.3","","main_product",1,"","","","","","",""
"0 601 229 200","0601229200","3165140962896","TitelAkku-Geradschleifer GGS 18V-23 PLC Professional|Neuheit bis17.06.2019|Verpackungsabmessungen (Breite)360mm|Verpackungsabmessungen (Länge)442mm|Verpackungsabmessungen (Höhe)155mm|Verpackungsabmessungen (Breite x Länge x Höhe)360 x 442 x 155mm|Akkuspannung18,0 V|Leerlaufdrehzahl23.500min-1|Gewicht exkl. Akku1,4kg|WerkzeugaufnahmeSpannzange|Unterteilung der ProduktkategorienAkku-Geradschleifer","","","'https://www.nexmart.com/media/catalog/ampshare/bosch/img-rd-285962-117_jpg/detail.jpg/normal.jpg","0.155","0.36","0.442","2.3","","main_product",1,"","","","","","",""
"0 601 5A5 100","06015A5100","3165140786935","TitelAkku-Stichsäge GST 18V-LI S Professional|Verpackungsabmessungen (Breite)335mm|Verpackungsabmessungen (Länge)420mm|Verpackungsabmessungen (Höhe)123mm|Verpackungsabmessungen (Breite x Länge x Höhe)335 x 420 x 123mm|Akkuspannung18,0 V|Gewicht inkl. Akku2,4kg|Hubzahl bei Leerlauf, von550min-1|Hubzahl bei Leerlauf, bis zu2.700min-1|Hubzahl bei Leerlauf550 – 2.700min-1|Hubhöhe23mm|Gewicht exkl. Akku1,8kg|Schnitttiefe in Holz120mm|Schnitttiefe in Alu20mm|Schnitttiefe in Stahl unlegiert8mm|Unterteilung der ProduktkategorienAkku-Stichsäge","","","'https://www.nexmart.com/media/catalog/ampshare/bosch/img-rd-175237-117_jpg/detail.jpg/normal.jpg","0.123","0.335","0.42","2.28","","main_product",1,"","","","","","",""
"0 601 5A6 100","06015A6100","3165140786973","TitelAkku-Stichsäge GST 18V-LI B Professional|Verpackungsabmessungen (Breite)337mm|Verpackungsabmessungen (Länge)460mm|Verpackungsabmessungen (Höhe)124mm|Verpackungsabmessungen (Breite x Länge x Höhe)337 x 460 x 124mm|Akkuspannung18,0 V|Gewicht inkl. Akku2,4kg|Hubzahl bei Leerlauf, von0min-1|Hubzahl bei Leerlauf, bis zu2.700min-1|Hubzahl bei Leerlauf0 – 2.700min-1|Hubhöhe23mm|Gewicht exkl. Akku1,8kg|Schnitttiefe in Holz120mm|Schnitttiefe in Alu20mm|Schnitttiefe in Stahl unlegiert8mm|Neigungswinkel0 – 45°|Unterteilung der ProduktkategorienAkku-Stichsäge","","","'https://www.nexmart.com/media/catalog/ampshare/bosch/img-rd-169179-117_jpg/normal.jpg/normal.jpg","0.124","0.337","0.46","2.34","","main_product",1,"","","","","","",""
"0 601 6A2 100","06016A2101","3165140781374","Sägeblattdurchmesser165mm|Sägeblattbohrungs-20mm|TitelAkku-Kreissäge GKS 18V-57 G Professional|Verpackungsabmessungen (Breite)354mm|Verpackungsabmessungen (Länge)445mm|Verpackungsabmessungen (Höhe)243mm|Verpackungsabmessungen (Breite x Länge x Höhe)354 x 445 x 243mm|Akkuspannung18,0 V|Gewicht inkl. Akku4,1kg|Leerlaufdrehzahl, von3.400min-1|Leerlaufdrehzahl3.400min-1|FührungsschienenkompatibelJa|Max. Schnittkapazität in Holz (90°)57mm|Max. Schnittkapazität in Holz (45°)42mm|Unterteilung der ProduktkategorienAkku-Kreissäge","","","'https://www.nexmart.com/media/catalog/ampshare/bosch/img-rd-214391-117_jpg/detail.jpg/normal.jpg","0.243","0.354","0.445","5.7","","main_product",1,"","","","","","",""
"0 601 6A5 004","06016A5004","3165140876407","Hubzahl, 1. Gang0min-1|Hubzahl, 2. Gang3.050min-1|Hubzahl (1. Gang / 2. Gang)0 - 3.050min-1|TitelAkku-Säbelsäge GSA 18V-LI C Professional|Verpackungsabmessungen (Breite)197mm|Verpackungsabmessungen (Länge)409mm|Verpackungsabmessungen (Höhe)83mm|Verpackungsabmessungen (Breite x Länge x Höhe)197 x 409 x 83mm|Akkuspannung18,0 V|Gewicht inkl. Akku2,5kg|Schnitttiefe in Holz200mm|Schnitttiefe in Metallprofilen und Metallrohren100mm|Hublänge, 1. Gang21mm|Hublängen21mm|Gewicht exkl. Akku2kg|Unterteilung der ProduktkategorienAkku-Säbelsäge","","","'https://www.nexmart.com/media/catalog/ampshare/bosch/img-rd-205458-117_jpg/detail.jpg/normal.jpg","0.083","0.197","0.409","1.8","","main_product",1,"","","","","","",""
"0 601 9C4 001","06019C4001","3165140708920","Kapazität Kartuschen310ml|Kapazität Folienbeutel400ml|TitelAkku-Kartuschenpresse GCG 18V-600 Professional|Neuheit bis17.02.2019|SOL Datum15.09.2018|Verpackungsabmessungen (Breite)357mm|Verpackungsabmessungen (Länge)729mm|Verpackungsabmessungen (Höhe)94mm|Verpackungsabmessungen (Breite x Länge x Höhe)357 x 729 x 94mm|Akkuspannung18,0 V|Druckkraft3,5kN|Vorschubgeschwindigkeit7mm/Sek|Gewicht exkl. Akku2,2kg|Unterteilung der ProduktkategorienAkku-Kartuschenpresse","","","'https://www.nexmart.com/media/catalog/ampshare/bosch/img-rd-245714-117_jpg/detail.jpg/normal.jpg","0.094","0.357","0.729","0.48","","main_product",1,"","","","","","",""
"0 601 9C6 200","06019C6200","3165140888677","TitelAkku-Sauger GAS 18V-1 Professional|Neuheit bis01.07.2020|Verpackungsabmessungen (Breite)218mm|Verpackungsabmessungen (Länge)496mm|Verpackungsabmessungen (Höhe)195mm|Verpackungsabmessungen (Breite x Länge x Höhe)218 x 496 x 195mm|Akkuspannung18,0 V|Gewicht exkl. Akku1,3kg|Behältervolumen0,70l|Filterfläche55cm²|Max. Luftstromgeschwindigkeit (Turbine)10,0l/s|Max. Unterdruck (Turbine)60mbar|Betriebszeit 18 V7min/Ah|Unterteilung der ProduktkategorienAkku-Sauger","","","'https://www.nexmart.com/media/catalog/ampshare/bosch/img-rd-264065-117_jpg/detail.jpg/normal.jpg","0.195","0.218","0.496","1.66","","main_product",1,"","","","","","",""
"0 601 9D0 200","06019D0200","3165140813280","TitelAkku-Schwingschleifer GSS 18V-10 Professional|Neuheit bis01.08.2016|Verpackungsabmessungen (Breite)177mm|Verpackungsabmessungen (Länge)223mm|Verpackungsabmessungen (Höhe)143mm|Verpackungsabmessungen (Breite x Länge x Höhe)177 x 223 x 143mm|Akkuspannung18,0 V|Gewicht inkl. Akku1,7kg|Schwingzahl bei Leerlauf, bis zu22.000min-1|Schwingzahl im Leerlauf22.000min-1|Schwingkreisdurchmesser1,6mm|Schleifplatte, Breite101mm|Schleifplatte, Länge113mm|Schleiffläche114qcm|Schleifblatt zum Klemmen, Breite115mm|Schleifblatt zum Klemmen, Länge140mm|Schleifbogen mit Klettverschluss, Breite115mm|Schleifbogen mit Klettverschluss, Länge107mm|Unterteilung der ProduktkategorienAkku-Schwingschleifer","","","'https://www.nexmart.com/media/catalog/ampshare/bosch/img-rd-187446-117_jpg/detail.jpg/normal.jpg","0.143","0.177","0.223","0.93","","main_product",1,"","","","","","",""
"0 601 9F5 100","06019F5100","3165140821049","TitelAkku-Gebläse GBL 18V-120 Professional|Neuheit bis01.07.2016|Verpackungsabmessungen (Breite)210mm|Verpackungsabmessungen (Länge)303mm|Verpackungsabmessungen (Höhe)190mm|Verpackungsabmessungen (Breite x Länge x Höhe)210 x 303 x 190mm|Akkuspannung18,0 V|Leerlaufdrehzahl, bis zu17.000min-1|Leerlaufdrehzahl17.000min-1|Max. Luftgeschwindigkeit270km/h|Max. Luftdurchsatz120m³/h|BetriebszeitDrehzahl I : 8 min/Ah|Gewicht exkl. Akku1,1kg|Unterteilung der ProduktkategorienAkku-Gebläse","","","'https://www.nexmart.com/media/catalog/ampshare/bosch/img-rd-261436-117_jpg/detail.jpg/normal.jpg","0.19","0.21","0.303","0.4","","main_product",1,"","","","","","",""
"0 601 9G3 40B","06019G340B","3165140960878","TitelAkku-Winkelschleifer GWS 18V-10 SC Professional|Neuheit bis01.02.2019|Verpackungsabmessungen (Breite)360mm|Verpackungsabmessungen (Länge)442mm|Verpackungsabmessungen (Höhe)155mm|Verpackungsabmessungen (Breite x Länge x Höhe)360 x 442 x 155mm|Akkuspannung18,0 V|Gewicht inkl. Akku2,8kg|Leerlaufdrehzahl, von4.500min-1|Leerlaufdrehzahl, bis zu9.000min-1|Leerlaufdrehzahl4.500 – 9.000min-1|SchleifspindelgewindeM14|Bohrung, 22,2mm|Gewicht exkl. Akku2kg|Scheiben-125mm|Gummischleifteller, 125mm|Unterteilung der ProduktkategorienAkku-Winkelschleifer","","","'https://www.nexmart.com/media/catalog/ampshare/bosch/img-rd-282575-117_jpg/detail.jpg/normal.jpg","0.155","0.36","0.442","1.47","","main_product",1,"","","","","","",""
"0 601 9H1 176","06019H1176","4059952510231","TitelAkku-Schlagbohrschrauber GSB 18V-21 Professional|Neuheit bis01.07.2020|Werkzeugabmessungen (Höhe)234mm|Verpackungsabmessungen (Breite)250mm|Verpackungsabmessungen (Länge)325mm|Verpackungsabmessungen (Höhe)110mm|Verpackungsabmessungen (Breite x Länge x Höhe)250 x 325 x 110mm|Bohr- Holz, max.35mm|Akkuspannung18,0 V|Drehmoment (weich)21Nm|Drehmoment (hart)55Nm|Drehmoment (weich/hart/max.)21/55/-Nm|AkkutypLithium-Ionen|Leerlaufdrehzahl, 1. Gang, von0min-1|Leerlaufdrehzahl, 1. Gang, bis480min-1|Leerlaufdrehzahl, 2. Gang, von0min-1|Leerlaufdrehzahl, 2. Gang, bis1.800min-1|Leerlaufdrehzahl (1. Gang / 2. Gang)0 – 480 / 0 – 1.800min-1|Schlagzahl, max.27.000bpm|Bohrfutterspannbereich, min.1,5mm|Bohrfutterspannbereich, max.13mm|Bohrfutterspannbereich, min./max.1,5 / 13mm|Gewicht exkl. Akku1,3kg|Drehmomentstufen (Standard)20|Drehmomentstufen (zusätzlich)2|Drehmomentstufen20+2|Bohr- Stahl, max.10mm|Bohr- Mauerwerk, max.10mm|Schrauben-, max.10mm|Unterteilung der ProduktkategorienAkku-Schlagbohrschrauber","","","'https://www.nexmart.com/media/catalog/ampshare/bosch/img-rd-276339-117_jpg/detail.jpg/normal.jpg","0.11","0.25","0.325","1.4","","main_product",1,"","","","","","",""
"71230561000","71230561000","4014586897165","Akku-Spannung18V|Akku-KompatibilitätLi-Ionen / ProCORE Li-Ionen|Akku-Schnittstelle18 V AMPShare|Motorbürstenlos|Leerlaufdrehzahl9 000 - 28 000min⁻¹|Schleifkörper max. 50mm|Spannzange max. 8mm|Fräser max. 12mm|Gewicht ohne Akku1,77kg","","","'https://www.nexmart.com/media/catalog/ampshare/fein/366361_7_piso71230561_soft__ofc_jpg/detail.jpg/normal.jpg","0.178","0.399","0.605","5.89","","main_product",1,"","","","","","",""
"71230661000","71230661000","4014586897172","Akku-Spannung18V|Akku-KompatibilitätLi-Ionen / ProCORE Li-Ionen|Akku-Schnittstelle18 V AMPShare|Motorbürstenlos|Leerlaufdrehzahl2 900 - 9 000min⁻¹|Polierwerkzeug 80mm|Schleifkörper max. 50mm|Spannzange max. 8mm|Fräser max. 12mm|Gewicht ohne Akku1,77kg","","","'https://www.nexmart.com/media/catalog/ampshare/fein/366355_7_piso71230661_soft__ofc_jpg/detail.jpg/normal.jpg","0.178","0.399","0.605","5.94","","main_product",1,"","","","","","",""
"71132461000","71132461000","4014586898872","Akku-Spannung18V|Akku-KompatibilitätLi-Ionen / ProCORE Li-Ionen|Akku-Schnittstelle18 V AMPShare|Motorbürstenlos|Getriebe2-Gang|Zubehör-SchnittstelleQuickIN|Leerlaufdrehzahl450 / 2 000min⁻¹|Max. Drehmoment (hart/weich)60 / 38Nm|Drehmomentstufen22 + 1|Bohrfutter-Spannweite1,5 - 13mm|Schrauben8 x 300mm|Bohr- Stahl13mm|Bohr- Holz50mm|GewindebohrenM 10|Gewicht ohne Akku1,40kg","","","'https://www.nexmart.com/media/catalog/ampshare/fein/377039_7_piso71132461_soft__ofc_jpg/detail.jpg/normal.jpg","0.152","0.358","0.445","4.72","","main_product",1,"","","","","","",""
"71132462000","71132462000","4014586900759","Akku-Spannung18V|Akku-Kapazität5Ah|Akku-KompatibilitätLi-Ionen / ProCORE Li-Ionen|Akku-Schnittstelle18 V AMPShare|Motorbürstenlos|Getriebe2-Gang|Zubehör-SchnittstelleQuickIN|Leerlaufdrehzahl450 / 2 000min⁻¹|Max. Drehmoment (hart/weich)60 / 38Nm|Drehmomentstufen22 + 1|Bohrfutter-Spannweite1,5 - 13mm|Schrauben8 x 300mm|Bohr- Stahl13mm|Bohr- Holz50mm|GewindebohrenM 10|Gewicht ohne Akku1,40kg","","","'https://www.nexmart.com/media/catalog/ampshare/fein/388769_7_pset71132462000__ofc_jpg/detail.jpg/normal.jpg","0.152","0.358","0.445","7.0","","main_product",1,"","","","","","",""
"71161461000","71161461000","4014586898919","Akku-Spannung18V|Akku-KompatibilitätLi-Ionen / ProCORE Li-Ionen|Akku-Schnittstelle18 V AMPShare|Motorbürstenlos|Getriebe4-Gang|Zubehör-SchnittstelleQuickIN|Leerlaufdrehzahl400 / 700 / 1 400 / 2 500min⁻¹|Max. Drehmoment (hart/weich)40 / 30Nm|Drehmomentstufen20 + 1|Bohrfutter-Spannweite1,5 - 13mm|Schrauben8 x 200mm|Bohr- Stahl13mm|Bohr- Holz40mm|GewindebohrenM 8|Gewicht ohne Akku1,30kg","","","'https://www.nexmart.com/media/catalog/ampshare/fein/377011_7_piso71161461_soft__ofc_jpg/detail.jpg/normal.jpg","0.152","0.358","0.445","4.6","","main_product",1,"","","","","","",""
"71161462000","71161462000","4014586900803","Akku-Spannung18V|Akku-Kapazität5Ah|Akku-KompatibilitätLi-Ionen / ProCORE Li-Ionen|Akku-Schnittstelle18 V AMPShare|Motorbürstenlos|Getriebe4-Gang|Zubehör-SchnittstelleQuickIN|Leerlaufdrehzahl400 / 700 / 1 400 / 2 500min⁻¹|Max. Drehmoment (hart/weich)40 / 30Nm|Drehmomentstufen20 + 1|Bohrfutter-Spannweite1,5 - 13mm|Schrauben8 x 200mm|Bohr- Stahl13mm|Bohr- Holz40mm|GewindebohrenM 8|Gewicht ohne Akku1,30kg","","","'https://www.nexmart.com/media/catalog/ampshare/fein/388897_7_pset71161462000__ofc_jpg/detail.jpg/normal.jpg","0.152","0.358","0.445","6.9","","main_product",1,"","","","","","",""
"71161561000","71161561000","4014586900100","Akku-Spannung18V|Akku-KompatibilitätLi-Ionen / ProCORE Li-Ionen|Akku-Schnittstelle18 V AMPShare|Motorbürstenlos|Getriebe4-Gang|Zubehör-SchnittstelleQuickIN|Leerlaufdrehzahl430 / 850 / 2 000 / 4 000min⁻¹|Max. Drehmoment (hart/weich)130 (70 / 50)Nm|Drehmomentstufen15 + 1|Bohrfutter-Spannweite1,5 - 13mm|Schrauben10 x 400mm|Bohr- Stahl Spiralbohrer13mm|Bohr- Stahl Kernbohrer30mm|Bohr- Stahl Lochsägen80mm|Bohr- Holz60mm|GewindebohrenM 14|Gewicht ohne Akku1,30kg","","","'https://www.nexmart.com/media/catalog/ampshare/fein/377019_7_piso71161561_soft__ofc_jpg/detail.jpg/normal.jpg","0.152","0.358","0.445","5.4","","main_product",1,"","","","","","",""
"71161561090","71161561090","4014586900254","Akku-Spannung18V|Akku-KompatibilitätLi-Ionen / ProCORE Li-Ionen|Akku-Schnittstelle18 V AMPShare|Motorbürstenlos|Getriebe4-Gang|Zubehör-SchnittstelleQuickIN|Leerlaufdrehzahl430 / 850 / 2 000 / 4 000min⁻¹|Max. Drehmoment (hart/weich)130 (70 / 50)Nm|Drehmomentstufen15 + 1|Bohrfutter-Spannweite1,5 - 13mm|Schrauben10 x 400mm|Bohr- Stahl Spiralbohrer13mm|Bohr- Stahl Kernbohrer30mm|Bohr- Stahl Lochsägen80mm|Bohr- Holz60mm|Gewindebohren1/2\|Gewicht ohne Akku1,30kg""","","","'https://www.nexmart.com/media/catalog/ampshare/fein/378522_7_piso71161561090_soft__ofc_jpg/detail.jpg/normal.jpg","0.152","0.358","0.445","5.8","","main_product",1,"","","","","","",""
"71161562000","71161562000","4014586900704","Akku-Spannung18V|Akku-KompatibilitätLi-Ionen / ProCORE Li-Ionen|Akku-Schnittstelle18 V AMPShare|Motorbürstenlos|Getriebe4-Gang|Zubehör-SchnittstelleQuickIN|Leerlaufdrehzahl430 / 850 / 2 000 / 4 000min⁻¹|Max. Drehmoment (hart/weich)130 (70 / 50)Nm|Drehmomentstufen15 + 1|Bohrfutter-Spannweite1,5 - 13mm|Schrauben10 x 400mm|Bohr- Stahl Spiralbohrer13mm|Bohr- Stahl Kernbohrer30mm|Bohr- Stahl Lochsägen80mm|Bohr- Holz60mm|GewindebohrenM 14|Gewicht ohne Akku1,30kg","","","'https://www.nexmart.com/media/catalog/ampshare/fein/379313_7_pset71161562000__ofc_jpg/detail.jpg/normal.jpg","0.152","0.358","0.445","5.9","","main_product",1,"","","","","","",""
"71161563000","71161563000","4068708004771","Akku-Spannung18V|Akku-KompatibilitätLi-Ionen / ProCORE Li-Ionen|Akku-Schnittstelle18 V AMPShare|Motorbürstenlos|Getriebe4-Gang|Zubehör-SchnittstelleQuickIN|Leerlaufdrehzahl430 / 850 / 2 000 / 4 000min⁻¹|Max. Drehmoment (hart/weich)130 (70 / 50)Nm|Drehmomentstufen15 + 1|Bohrfutter-Spannweite1,5 - 13mm|Schrauben10 x 400mm|Bohr- Stahl Spiralbohrer13mm|Bohr- Stahl Kernbohrer30mm|Bohr- Stahl Lochsägen80mm|Bohr- Holz60mm|GewindebohrenM 14|Gewicht ohne Akku1,30kg","","","'https://www.nexmart.com/media/catalog/ampshare/fein/379853_7_pset71161563000__ofc_jpg/detail.jpg/normal.jpg","0.152","0.358","0.445","8.0","","main_product",1,"","","","","","",""
"71161564000","71161564000","4014586900711","Akku-Spannung18V|Akku-KompatibilitätLi-Ionen / ProCORE Li-Ionen|Akku-Schnittstelle18 V AMPShare|Motorbürstenlos|Getriebe4-Gang|Zubehör-SchnittstelleQuickIN|Leerlaufdrehzahl430 / 850 / 2 000 / 4 000min⁻¹|Max. Drehmoment (hart/weich)130 (70 / 50)Nm|Drehmomentstufen15 + 1|Bohrfutter-Spannweite1,5 - 13mm|Schrauben10 x 400mm|Bohr- Stahl Spiralbohrer13mm|Bohr- Stahl Kernbohrer30mm|Bohr- Stahl Lochsägen80mm|Bohr- Holz60mm|GewindebohrenM 14|Gewicht ohne Akku1,30kg","","","'https://www.nexmart.com/media/catalog/ampshare/fein/379854_7_pset71161564000__ofc_jpg/detail.jpg/normal.jpg","0.152","0.358","0.445","6.7","","main_product",1,"","","","","","",""
"71161565000","71161565000","4014586900728","Akku-Spannung18V|Akku-KompatibilitätLi-Ionen / ProCORE Li-Ionen|Akku-Schnittstelle18 V AMPShare|Motorbürstenlos|Getriebe4-Gang|Zubehör-SchnittstelleQuickIN|Leerlaufdrehzahl430 / 850 / 2 000 / 4 000min⁻¹|Max. Drehmoment (hart/weich)130 (70 / 50)Nm|Drehmomentstufen15 + 1|Bohrfutter-Spannweite1,5 - 13mm|Schrauben10 x 400mm|Bohr- Stahl Spiralbohrer13mm|Bohr- Stahl Kernbohrer30mm|Bohr- Stahl Lochsägen80mm|Bohr- Holz60mm|GewindebohrenM 14|Gewicht ohne Akku1,30kg","","","'https://www.nexmart.com/media/catalog/ampshare/fein/388175_7_pset71161565000__ofc_jpg/detail.jpg/normal.jpg","0.24","0.358","0.445","11.2","","main_product",1,"","","","","","",""
"71161566000","71161566000","4014586900735","Akku-Spannung18V|Akku-KompatibilitätLi-Ionen / ProCORE Li-Ionen|Akku-Schnittstelle18 V AMPShare|Motorbürstenlos|Getriebe4-Gang|Zubehör-SchnittstelleQuickIN|Leerlaufdrehzahl430 / 850 / 2 000 / 4 000min⁻¹|Max. Drehmoment (hart/weich)130 (70 / 50)Nm|Drehmomentstufen15 + 1|Bohrfutter-Spannweite1,5 - 13mm|Schrauben10 x 400mm|Bohr- Stahl Spiralbohrer13mm|Bohr- Stahl Kernbohrer30mm|Bohr- Stahl Lochsägen80mm|Bohr- Holz60mm|GewindebohrenM 14|Gewicht ohne Akku1,30kg","","","'https://www.nexmart.com/media/catalog/ampshare/fein/379857_7_pset71161566000__ofc_jpg/detail.jpg/normal.jpg","0.24","0.358","0.445","9.9","","main_product",1,"","","","","","",""
"","21933","","","","","'https://www.nexmart.com/media/catalog/ampshare/easy.jpg/normal.jpg","0.47","0.36","0.632","14.8","","",1,"","","","","","",""
"","100963","4054959000020","Max. Hebeleistung160kg|Steiggeschwindigkeit15 - 25Stufen / min|Reichweite, bei 75 kgca. 75Stockwerke|Reichweite bei Maximallastca. 24Stockwerke|Max. Treppenstufenhöhe0.21m","","","'https://www.nexmart.com/media/catalog/ampshare/cc160_li-ion.png/normal.png","","0.466","","25.6","","",1,"","","","","","",""
"71161567000","71161567000","4014586900810","Akku-Spannung18V|Akku-Kapazität5Ah|Akku-KompatibilitätLi-Ionen / ProCORE Li-Ionen|Akku-Schnittstelle18 V AMPShare|Motorbürstenlos|Getriebe4-Gang|Zubehör-SchnittstelleQuickIN|Leerlaufdrehzahl430 / 850 / 2 000 / 4 000min⁻¹|Max. Drehmoment (hart/weich)130 (70 / 50)Nm|Drehmomentstufen15 + 1|Bohrfutter-Spannweite1,5 - 13mm|Schrauben10 x 400mm|Bohr- Stahl Spiralbohrer13mm|Bohr- Stahl Kernbohrer30mm|Bohr- Stahl Lochsägen80mm|Bohr- Holz60mm|GewindebohrenM 14|Gewicht ohne Akku1,30kg","","","'https://www.nexmart.com/media/catalog/ampshare/fein/388774_7_pset71161567000__ofc_jpg/detail.jpg/normal.jpg","0.152","0.358","0.445","7.4","","main_product",1,"","","","","","",""
"71040761000","71040761000","4014586898865","Akku-Spannung18V|Akku-KompatibilitätLi-Ionen / ProCORE Li-Ionen|Akku-Schnittstelle18 V AMPShare|Motorbürstenlos|Getriebe2-Gang|Zubehör-SchnittstelleQuickIN|Leerlaufdrehzahl450 / 2 000min⁻¹|Schlagzahl7 360 / 32 000min⁻¹|Max. Drehmoment (hart/weich)60 / 38Nm|Drehmomentstufen22 + 1|Bohrfutter-Spannweite1,5 - 13mm|Schrauben8 x 300mm|Bohr- Stahl13mm|Bohr- Holz50mm|Bohr- Stein13mm|GewindebohrenM 10|Gewicht ohne Akku1,50kg","","","'https://www.nexmart.com/media/catalog/ampshare/fein/377481_7_piso71040761_soft__ofc_jpg/detail.jpg/normal.jpg","0.152","0.358","0.445","4.2","","main_product",1,"","","","","","",""
"71040762000","71040762000","4014586900742","Akku-Spannung18V|Akku-Kapazität5Ah|Akku-KompatibilitätLi-Ionen / ProCORE Li-Ionen|Akku-Schnittstelle18 V AMPShare|Motorbürstenlos|Getriebe2-Gang|Zubehör-SchnittstelleQuickIN|Leerlaufdrehzahl450 / 2 000min⁻¹|Schlagzahl7 360 / 32 000min⁻¹|Max. Drehmoment (hart/weich)60 / 38Nm|Drehmomentstufen22 + 1|Bohrfutter-Spannweite1,5 - 13mm|Schrauben8 x 300mm|Bohr- Stahl13mm|Bohr- Holz50mm|Bohr- Stein13mm|GewindebohrenM 10|Gewicht ohne Akku1,50kg","","","'https://www.nexmart.com/media/catalog/ampshare/fein/388770_7_pset71040762000__ofc_jpg/detail.jpg/normal.jpg","0.152","0.358","0.445","7.0","","main_product",1,"","","","","","",""
"71161661000","71161661000","4014586900261","Akku-Spannung18V|Akku-KompatibilitätLi-Ionen / ProCORE Li-Ionen|Akku-Schnittstelle18 V AMPShare|Motorbürstenlos|Getriebe4-Gang|Zubehör-SchnittstelleQuickIN MAX|Leerlaufdrehzahl430 / 850 / 2 000 / 4 000min⁻¹|Schlagzahl6 450 / 12 750 / 30 000 / 60 000min⁻¹|Max. Drehmoment (hart/weich)130 (70 / 50)Nm|Drehmomentstufen15 + 1|Bohrfutter-Spannweite1,5 - 13mm|Schrauben10 x 400mm|Bohr- Stahl Spiralbohrer13mm|Bohr- Stahl Kernbohrer30mm|Bohr- Stahl Lochsägen80mm|Bohr- Holz60mm|Bohr- Stein13mm|GewindebohrenM 14|Gewicht ohne Akku1,40kg","","","'https://www.nexmart.com/media/catalog/ampshare/fein/377015_7_piso71161661_soft__ofc_jpg/detail.jpg/normal.jpg","0.16","0.358","0.44","5.497","","main_product",1,"","","","","","",""
"71161661090","71161661090","4014586900278","Akku-Spannung18V|Akku-KompatibilitätLi-Ionen / ProCORE Li-Ionen|Akku-Schnittstelle18 V AMPShare|Motorbürstenlos|Getriebe4-Gang|Zubehör-SchnittstelleQuickIN|Leerlaufdrehzahl430 / 850 / 2 000 / 4 000min⁻¹|Schlagzahl6 450 / 12 750 / 30 000 / 60 000min⁻¹|Max. Drehmoment (hart/weich)130 (70 / 50)Nm|Drehmomentstufen15 + 1|Bohrfutter-Spannweite1,5 - 13mm|Schrauben10 x 400mm|Bohr- Stahl Spiralbohrer13mm|Bohr- Stahl Kernbohrer30mm|Bohr- Stahl Lochsägen80mm|Bohr- Holz60mm|Bohr- Stein13mm|Gewindebohren1/2\ [M14]|Gewicht ohne Akku1,40kg""","","","'https://www.nexmart.com/media/catalog/ampshare/fein/378526_7_piso71161661090_soft__ofc_jpg/detail.jpg/normal.jpg","0.152","0.358","0.445","5.497","","main_product",1,"","","","","","",""
"71161665000","71161665000","4014586900827","Akku-Spannung18V|Akku-Kapazität5Ah|Akku-KompatibilitätLi-Ionen / ProCORE Li-Ionen|Akku-Schnittstelle18 V AMPShare|Motorbürstenlos|Getriebe4-Gang|Zubehör-SchnittstelleQuickIN|Leerlaufdrehzahl430 / 850 / 2 000 / 4 000min⁻¹|Schlagzahl6 450 / 12 750 / 30 000 / 60 000min⁻¹|Max. Drehmoment (hart/weich)130 (70 / 50)Nm|Drehmomentstufen15 + 1|Bohrfutter-Spannweite1,5 - 13mm|Schrauben10 x 400mm|Bohr- Stahl Spiralbohrer13mm|Bohr- Stahl Kernbohrer30mm|Bohr- Stahl Lochsägen80mm|Bohr- Holz60mm|Bohr- Stein13mm|GewindebohrenM 14|Gewicht ohne Akku1,40kg","","","'https://www.nexmart.com/media/catalog/ampshare/fein/388775_7_pset71161665000__ofc_jpg/detail.jpg/normal.jpg","0.152","0.358","0.445","7.5","","main_product",1,"","","","","","",""
"71151061000","71151061000","4014586898889","Akku-Spannung18V|Akku-KompatibilitätLi-Ionen / ProCORE Li-Ionen|Akku-Schnittstelle18 V AMPShare|Motorbürstenlos|Leerlaufdrehzahl0 - 1700min⁻¹|Schlagzahl0 - 3400min⁻¹|max. Drehmoment290Nm|Drehmomentstufen6|Werkzeugaufnahme1/2\ Außenvierkant|max. metrische SchraubeM18 (8.8)|max.  Holzschraube8 x 300mm|Gewicht ohne Akku1,20kg""","","","'https://www.nexmart.com/media/catalog/ampshare/fein/377027_7_piso71151061_soft__ofc_jpg/detail.jpg/normal.jpg","0.152","0.358","0.445","4.5","","main_product",1,"","","","","","",""
"71151062000","71151062000","4014586900155","Akku-Spannung18V|Akku-KompatibilitätLi-Ionen / ProCORE Li-Ionen|Akku-Schnittstelle18 V AMPShare|Motorbürstenlos|Leerlaufdrehzahl0 - 1700min⁻¹|Schlagzahl0 - 3400min⁻¹|max. Drehmoment290Nm|Drehmomentstufen6|Werkzeugaufnahme1/2\ Außenvierkant|max. metrische SchraubeM18 (8.8)|max.  Holzschraube8 x 300mm|Gewicht ohne Akku1,20kg""","","","'https://www.nexmart.com/media/catalog/ampshare/fein/379316_7_pset71151062000__ofc_jpg/detail.jpg/normal.jpg","0.152","0.358","0.445","6.1","","main_product",1,"","","","","","",""
"71151063000","71151063000","4014586900162","Akku-Spannung18V|Akku-KompatibilitätLi-Ionen / ProCORE Li-Ionen|Akku-Schnittstelle18 V AMPShare|Motorbürstenlos|Leerlaufdrehzahl0 - 1700min⁻¹|Schlagzahl0 - 3400min⁻¹|max. Drehmoment290Nm|Drehmomentstufen6|Werkzeugaufnahme1/2\ Außenvierkant|max. metrische SchraubeM18 (8.8)|max.  Holzschraube8 x 300mm|Gewicht ohne Akku1,20kg""","","","'https://www.nexmart.com/media/catalog/ampshare/fein/379318_7_pset71151063000__ofc_jpg/detail.jpg/normal.jpg","0.152","0.358","0.445","4.8","","main_product",1,"","","","","","",""
"71151064000","71151064000","4014586900179","Akku-Spannung18V|Akku-KompatibilitätLi-Ionen / ProCORE Li-Ionen|Akku-Schnittstelle18 V AMPShare|Motorbürstenlos|Leerlaufdrehzahl0 - 1700min⁻¹|Schlagzahl0 - 3400min⁻¹|max. Drehmoment290Nm|Drehmomentstufen6|Werkzeugaufnahme1/2\ Außenvierkant|max. metrische SchraubeM18 (8.8)|max.  Holzschraube8 x 300mm|Gewicht ohne Akku1,20kg""","","","'https://www.nexmart.com/media/catalog/ampshare/fein/379334_7_pset71151064000__ofc_jpg/detail.jpg/normal.jpg","0.152","0.358","0.445","5.9","","main_product",1,"","","","","","",""
"71151065000","71151065000","4014586900186","Akku-Spannung18V|Akku-KompatibilitätLi-Ionen / ProCORE Li-Ionen|Akku-Schnittstelle18 V AMPShare|Motorbürstenlos|Leerlaufdrehzahl0 - 1700min⁻¹|Schlagzahl0 - 3400min⁻¹|max. Drehmoment290Nm|Drehmomentstufen6|Werkzeugaufnahme1/2\ Außenvierkant|max. metrische SchraubeM18 (8.8)|max.  Holzschraube8x300mm|Gewicht ohne Akku1,20kg""","","","'https://www.nexmart.com/media/catalog/ampshare/fein/379335_7_pset71151065000__ofc_jpg/detail.jpg/normal.jpg","0.152","0.358","0.445","4.6","","main_product",1,"","","","","","",""
"71151066000","71151066000","4014586900766","Akku-Spannung18V|Akku-Kapazität5Ah|Akku-KompatibilitätLi-Ionen / ProCORE Li-Ionen|Akku-Schnittstelle18 V AMPShare|Motorbürstenlos|Leerlaufdrehzahl0 - 1700min⁻¹|Schlagzahl0 - 3400min⁻¹|max. Drehmoment290Nm|Drehmomentstufen6|Werkzeugaufnahme1/2\ Außenvierkant|max. metrische SchraubeM18 (8.8)|max.  Holzschraube8 x 300mm|Gewicht ohne Akku1,20kg""","","","'https://www.nexmart.com/media/catalog/ampshare/fein/388772_7_pset71151066000__ofc_jpg/detail.jpg/normal.jpg","0.154","0.355","0.442","6.528","","main_product",1,"","","","","","",""
"71151161000","71151161000","4014586898896","Akku-Spannung18V|Akku-KompatibilitätLi-Ionen / ProCORE Li-Ionen|Akku-Schnittstelle18 V AMPShare|Motorbürstenlos|Leerlaufdrehzahl0 - 1 500min⁻¹|Schlagzahl0 - 3 000min⁻¹|max. Drehmoment210Nm|Drehmomentstufen6|Werkzeugaufnahme1/4 in Innensechskant|max.  Holzschraube8 x 200mm|Gewicht ohne Akku1,20kg","","","'https://www.nexmart.com/media/catalog/ampshare/fein/377031_7_piso71151161_soft__ofc_jpg/detail.jpg/normal.jpg","0.152","0.358","0.445","4.5","","main_product",1,"","","","","","",""
"71151162000","71151162000","4014586900773","Akku-Spannung18V|Akku-Kapazität5Ah|Akku-KompatibilitätLi-Ionen / ProCORE Li-Ionen|Akku-Schnittstelle18 V AMPShare|Motorbürstenlos|Leerlaufdrehzahl0 - 1 500min⁻¹|Schlagzahl0 - 3 000min⁻¹|max. Drehmoment210Nm|Drehmomentstufen6|Werkzeugaufnahme1/4 in Innensechskant|max.  Holzschraube8 x 200mm|Gewicht ohne Akku1,20kg","","","'https://www.nexmart.com/media/catalog/ampshare/fein/388896_7_pset71151162000__ofc_jpg/detail.jpg/normal.jpg","0.152","0.358","0.445","6.9","","main_product",1,"","","","","","",""
"71151261000","71151261000","4014586898902","Akku-Spannung18V|Akku-KompatibilitätLi-Ionen / ProCORE Li-Ionen|Akku-Schnittstelle18 V AMPShare|Motorbürstenlos|Leerlaufdrehzahl0 - 1 800min⁻¹|Schlagzahl0 - 2 200min⁻¹|max. Drehmoment1 050Nm|Drehmomentstufen6|Werkzeugaufnahme3/4 in Außenvierkant|max. metrische SchraubeM27 (8.8)|max.  Holzschraube12 x 600mm|Gewicht ohne Akku3,10kg","","","'https://www.nexmart.com/media/catalog/ampshare/fein/377023_7_piso71151261_soft__ofc_jpg/detail.jpg/normal.jpg","0.152","0.358","0.445","6.4","","main_product",1,"","","","","","",""
"71151262000","71151262000","4014586900780","Akku-Spannung18V|Akku-Kapazität8Ah|Akku-KompatibilitätLi-Ionen / ProCORE Li-Ionen|Akku-Schnittstelle18 V AMPShare|Motorbürstenlos|Leerlaufdrehzahl0 - 1 800min⁻¹|Schlagzahl0 - 2 200min⁻¹|max. Drehmoment1 050Nm|Drehmomentstufen6|Werkzeugaufnahme3/4 in Außenvierkant|max. metrische SchraubeM27 (8.8)|max.  Holzschraube12 x 600mm|Gewicht ohne Akku3,10kg","","","'https://www.nexmart.com/media/catalog/ampshare/fein/388773_7_pset71151262000__ofc_jpg/detail.jpg/normal.jpg","0.152","0.358","0.445","10.832","","main_product",1,"","","","","","",""
"71151263000","71151263000","4014586900797","Akku-Spannung18V|Akku-Kapazität8Ah|Akku-KompatibilitätLi-Ionen / ProCORE Li-Ionen|Akku-Schnittstelle18 V AMPShare|Motorbürstenlos|Leerlaufdrehzahl0 - 1 800min⁻¹|Schlagzahl0 - 2 200min⁻¹|max. Drehmoment1 050Nm|Drehmomentstufen6|Werkzeugaufnahme3/4 in Außenvierkant|max. metrische SchraubeM27 (8.8)|max.  Holzschraube12 x 600mm|Gewicht ohne Akku3,10kg","","","'https://www.nexmart.com/media/catalog/ampshare/fein/388773_7_pset71151262000__ofc_jpg/detail.jpg/normal.jpg","0.152","0.358","0.445","9.35","","main_product",1,"","","","","","",""
"71293661000","71293661000","4014586895277","Akku-Spannung18V|Akku-Kapazität4Ah|Akku-KompatibilitätLi-Ionen / ProCORE Li-Ionen|Akku-Schnittstelle18 V AMPShare|Schwingungen10 000 - 19 5001/min|WerkzeugaufnahmeStarlockMax|WerkzeugwechselQuickIN|Amplitude2 x 2,0°|Gewicht ohne Akku1,10kg","","","'https://www.nexmart.com/media/catalog/ampshare/fein/353623_7_pset71293661__ofc_jpg/detail.jpg/normal.jpg","0.152","0.358","0.445","7.336","","main_product",1,"","","","","","",""
"71293662000","71293662000","4014586895284","Akku-Spannung18V|Akku-KompatibilitätLi-Ionen / ProCORE Li-Ionen|Akku-Schnittstelle18 V AMPShare|Schwingungen10 000 - 19 5001/min|WerkzeugaufnahmeStarlockMax|WerkzeugwechselQuickIN|Amplitude2 x 2,0°|Gewicht ohne Akku1,10kg","","","'https://www.nexmart.com/media/catalog/ampshare/fein/353624_7_pset71293662__ofc_jpg/detail.jpg/normal.jpg","0.152","0.358","0.445","4.648","","main_product",1,"","","","","","",""
"71293663000","71293663000","4014586895291","Akku-Spannung18V|Akku-Kapazität4Ah|Akku-KompatibilitätLi-Ionen / ProCORE Li-Ionen|Akku-Schnittstelle18 V AMPShare|Schwingungen10 000 - 19 5001/min|WerkzeugaufnahmeStarlockMax|WerkzeugwechselQuickIN|Amplitude2 x 2,0°|Gewicht ohne Akku1,10kg","","","'https://www.nexmart.com/media/catalog/ampshare/fein/353622_7_pset71293663__ofc_jpg/detail.jpg/normal.jpg","0.152","0.368","0.445","5.372","","main_product",1,"","","","","","",""
"71293665000","71293665000","4014586900483","Akku-Spannung18V|Akku-Kapazität4Ah|Akku-KompatibilitätLi-Ionen / ProCORE Li-Ionen|Akku-Schnittstelle18 V AMPShare|Schwingungen10 000 - 19 5001/min|WerkzeugaufnahmeStarlockMax|WerkzeugwechselQuickIN|Amplitude2 x 2,0°|Gewicht ohne Akku1,10kg","","","'https://www.nexmart.com/media/catalog/ampshare/fein/378095_7_pset71293665000__ofc_jpg/detail.jpg/normal.jpg","0.25","0.195","0.49","4.37","","main_product",1,"","","","","","",""
"71293761000","71293761000","4014586895307","Akku-Spannung18V|Akku-KompatibilitätLi-Ionen / ProCORE Li-Ionen|Akku-Schnittstelle18 V AMPShare|Schwingungen10 000 - 19 5001/min|Werkzeugaufnahme12-Kant|WerkzeugwechselQuickIN|Amplitude2 x 1,7°|Gewicht ohne Akku1,10kg","","","'https://www.nexmart.com/media/catalog/ampshare/fein/353684_7_pset71293761__ofc_jpg/detail.jpg/normal.jpg","0.152","0.358","0.445","4.6","","main_product",1,"","","","","","",""
"71293762000","71293762000","4014586895314","Akku-Spannung18V|Akku-Kapazität5Ah|Akku-KompatibilitätLi-Ionen / ProCORE Li-Ionen|Akku-Schnittstelle18 V AMPShare|Schwingungen10 000 - 19 5001/min|Werkzeugaufnahme12-Kant|WerkzeugwechselQuickIN|Amplitude2 x 1,7°|Gewicht ohne Akku1,10kg","","","'https://www.nexmart.com/media/catalog/ampshare/fein/353625_7_pset71293762__ofc_jpg/detail.jpg/normal.jpg","0.152","0.358","0.445","6.8","","main_product",1,"","","","","","",""
"71293763000","71293763000","4014586898926","Akku-Spannung18V|Akku-Kapazität5Ah|Akku-KompatibilitätLi-Ionen / ProCORE Li-Ionen|Akku-Schnittstelle18 V AMPShare|Schwingungen10 000 - 19 5001/min|Werkzeugaufnahme12-Kant|WerkzeugwechselQuickIN|Amplitude2 x 1,7°|Gewicht ohne Akku1,30kg","","","'https://www.nexmart.com/media/catalog/ampshare/fein/374091_7_pset71293763__ofc_jpg/detail.jpg/normal.jpg","0.26","0.358","0.445","7.429","","main_product",1,"","","","","","",""
"71293764000","71293764000","4014586898933","Akku-Spannung18V|Akku-KompatibilitätLi-Ionen / ProCORE Li-Ionen|Akku-Schnittstelle18 V AMPShare|Schwingungen10 000 - 19 5001/min|Werkzeugaufnahme12-Kant|WerkzeugwechselQuickIN|Amplitude2 x 1,7°|Gewicht ohne Akku1,10kg","","","'https://www.nexmart.com/media/catalog/ampshare/fein/374116_7_pset71293700__ofc_jpg/detail.jpg/normal.jpg","0.26","0.358","0.445","5.489","","main_product",1,"","","","","","",""
"71293861000","71293861000","4014586895321","Akku-Spannung18V|Akku-Kapazität4Ah|Akku-KompatibilitätLi-Ionen / ProCORE Li-Ionen|Akku-Schnittstelle18 V AMPShare|Schwingungen11 000 - 18 5001/min|WerkzeugaufnahmeStarlockPlus|WerkzeugwechselQuickIN|Amplitude2 x 1,7°|Gewicht ohne Akku1,30kg","","","'https://www.nexmart.com/media/catalog/ampshare/fein/353618_7_pset71293861__ofc_jpg/detail.jpg/normal.jpg","0.152","0.358","0.445","7.12","","main_product",1,"","","","","","",""
"71293862000","71293862000","4014586895338","Akku-Spannung18V|Akku-KompatibilitätLi-Ionen / ProCORE Li-Ionen|Akku-Schnittstelle18 V AMPShare|Schwingungen11 000 - 18 5001/min|WerkzeugaufnahmeStarlockPlus|WerkzeugwechselQuickIN|Amplitude2 x 1,7°|Gewicht ohne Akku1,30kg","","","'https://www.nexmart.com/media/catalog/ampshare/fein/353621_7_pset71293862__ofc_jpg/detail.jpg/normal.jpg","0.152","0.358","0.445","4.6972","","main_product",1,"","","","","","",""
"71293863000","71293863000","4014586895345","Akku-Spannung18V|Akku-KompatibilitätLi-Ionen / ProCORE Li-Ionen|Akku-Schnittstelle18 V AMPShare|Schwingungen11 000 - 18 5001/min|WerkzeugaufnahmeStarlockPlus|WerkzeugwechselQuickIN|Amplitude2 x 1,7°|Gewicht ohne Akku1,30kg","","","'https://www.nexmart.com/media/catalog/ampshare/fein/353617_7_pset71293863__ofc_jpg/detail.jpg/normal.jpg","0.152","0.358","0.445","5.148","","main_product",1,"","","","","","",""
"71293869000","71293869000","4014586900506","Akku-Spannung18V|Akku-Kapazität2Ah|Akku-KompatibilitätLi-Ionen / ProCORE Li-Ionen|Akku-Schnittstelle18 V AMPShare|Schwingungen11 000 - 18 5001/min|WerkzeugaufnahmeStarlockPlus|WerkzeugwechselQuickIN|Amplitude2 x 1,7°|Gewicht ohne Akku1,30kg","","","'https://www.nexmart.com/media/catalog/ampshare/fein/377514_7_pset71293869000__ofc_jpg/detail.jpg/normal.jpg","0.0","0.0","0.0","4.318","","main_product",1,"","","","","","",""
"71293870000","71293870000","4014586900568","Akku-Spannung18V|Akku-Kapazität4Ah|Akku-KompatibilitätLi-Ionen / ProCORE Li-Ionen|Akku-Schnittstelle18 V AMPShare|Schwingungen11 000 - 18 5001/min|WerkzeugaufnahmeStarlockPlus|WerkzeugwechselQuickIN|Amplitude2 x 1,7°|Gewicht ohne Akku1,30kg","","","'https://www.nexmart.com/media/catalog/ampshare/fein/378096_7_pset71293870000__ofc_jpg/detail.jpg/normal.jpg","0.0","0.0","0.0","4.57","","main_product",1,"","","","","","",""
"71294061000","71294061000","4014586897752","Akku-Spannung18V|Akku-Kapazität4Ah|Akku-KompatibilitätLi-Ionen / ProCORE Li-Ionen|Akku-Schnittstelle18 V AMPShare|Schwingungen10 000 -1/min|WerkzeugaufnahmeStarlockMax|WerkzeugwechselQuickIN|Amplitude2 x 2,0°|Gewicht ohne Akku1,10kg","","","'https://www.nexmart.com/media/catalog/ampshare/fein/365562_7_pset71294061__ofc_jpg/detail.jpg/normal.jpg","0.152","0.358","0.445","6.84","","main_product",1,"","","","","","",""
"71300561000","71300561000","4014586898599","Akku-Spannung18V|Akku-KompatibilitätLi-Ionen / ProCORE Li-Ionen|Akku-Schnittstelle18 V AMPShare|Hubzahl2 200 - 3 5001/min|Schneidgeschwindigkeit5 - 8m/min|Stahl bis 400 N/mm²1,6mm|Stahl bis 600 N/mm²1,2mm|Stahl bis 800 N/mm²0,8mm|NE-Metalle bis 250 N/mm²2mm|Schnittbreite5mm|Radius der kleinsten Kurve48mm|Eintauchdurchmesser15mm|Gewicht ohne Akku1,24kg","","","'https://www.nexmart.com/media/catalog/ampshare/fein/366333_7_piso71300561_soft__ofc_jpg/detail.jpg/normal.jpg","0.152","0.358","0.445","4.3","","main_product",1,"","","","","","",""
"71300562000","71300562000","4014586899169","Akku-Spannung18V|Akku-KompatibilitätLi-Ionen / CORE Li-Ionen|Akku-Schnittstelle18 V AMPShare|Hubzahl2 200 - 3 5001/min|Schneidgeschwindigkeit5 - 8m/min|Stahl bis 400 N/mm²1,6mm|Stahl bis 600 N/mm²1,2mm|Stahl bis 800 N/mm²0,8mm|NE-Metalle bis 250 N/mm²2mm|Schnittbreite5mm|Radius der kleinsten Kurve48mm|Eintauchdurchmesser15mm|Gewicht ohne Akku1,24kg","","","'https://www.nexmart.com/media/catalog/ampshare/fein/373155_7_pset71300562__ofc_jpg/detail.jpg/normal.jpg","0.152","0.358","0.445","4.482","","main_product",1,"","","","","","",""
"71300563000","71300563000","4014586899176","Akku-Spannung18V|Akku-Kapazität5Ah|Akku-KompatibilitätLi-Ionen / CORE Li-Ionen|Akku-Schnittstelle18 V AMPShare|Hubzahl2 200 - 3 5001/min|Schneidgeschwindigkeit5 - 8m/min|Stahl bis 400 N/mm²1,6mm|Stahl bis 600 N/mm²1,2mm|Stahl bis 800 N/mm²0,8mm|NE-Metalle bis 250 N/mm²2mm|Schnittbreite5mm|Radius der kleinsten Kurve48mm|Eintauchdurchmesser15mm|Gewicht ohne Akku1,24kg","","","'https://www.nexmart.com/media/catalog/ampshare/fein/373157_7_pset71300563__ofc_jpg/detail.jpg/normal.jpg","0.152","0.358","0.445","5.893","","main_product",1,"","","","","","",""
"71300564000","71300564000","4014586899183","Akku-Spannung18V|Akku-Kapazität5Ah|Akku-KompatibilitätLi-Ionen / CORE Li-Ionen|Akku-Schnittstelle18 V AMPShare|Hubzahl2 200 - 3 5001/min|Schneidgeschwindigkeit5 - 8m/min|Stahl bis 400 N/mm²1,6mm|Stahl bis 600 N/mm²1,2mm|Stahl bis 800 N/mm²0,8mm|NE-Metalle bis 250 N/mm²2mm|Schnittbreite5mm|Radius der kleinsten Kurve48mm|Eintauchdurchmesser15mm|Gewicht ohne Akku1,24kg","","","'https://www.nexmart.com/media/catalog/ampshare/fein/373156_7_pset71300564__ofc_jpg/detail.jpg/normal.jpg","0.152","0.358","0.445","6.484","","main_product",1,"","","","","","",""
"71300661000","71300661000","4014586898605","Akku-Spannung18V|Akku-KompatibilitätLi-Ionen / ProCORE Li-Ionen|Akku-Schnittstelle18 V AMPShare|Hubzahl2 200 - 3 5001/min|Schneidgeschwindigkeit6 - 9m/min|Stahl bis 400 N/mm²1,6mm|Stahl bis 600 N/mm²1,2mm|Stahl bis 800 N/mm²1mm|NE-Metalle bis 250 N/mm²2mm|Radius der kleinsten Kurve15mm|Gewicht ohne Akku1,44kg","","","'https://www.nexmart.com/media/catalog/ampshare/fein/366334_7_piso71300661_soft__ofc_jpg/detail.jpg/normal.jpg","0.152","0.358","0.445","4.6","","main_product",1,"","","","","","",""
"71300662000","71300662000","4014586899190","Akku-Spannung18V|Akku-KompatibilitätLi-Ionen / ProCORE Li-Ionen|Akku-Schnittstelle18 V AMPShare|Hubzahl2 200 - 3 5001/min|Schneidgeschwindigkeit6 - 9m/min|Stahl bis 400 N/mm²1,6mm|Stahl bis 600 N/mm²1,2mm|Stahl bis 800 N/mm²1mm|NE-Metalle bis 250 N/mm²2mm|Radius der kleinsten Kurve15mm|Gewicht ohne Akku1,44kg","","","'https://www.nexmart.com/media/catalog/ampshare/fein/373158_7_pset71300662__ofc_jpg/detail.jpg/normal.jpg","0.152","0.358","0.445","4.658","","main_product",1,"","","","","","",""
"71300663000","71300663000","4014586899206","Akku-Spannung18V|Akku-Kapazität5Ah|Akku-KompatibilitätLi-Ionen / ProCORE Li-Ionen|Akku-Schnittstelle18 V AMPShare|Hubzahl2 200 - 3 5001/min|Schneidgeschwindigkeit6 - 9m/min|Stahl bis 400 N/mm²1,6mm|Stahl bis 600 N/mm²1,2mm|Stahl bis 800 N/mm²1mm|NE-Metalle bis 250 N/mm²2mm|Radius der kleinsten Kurve15mm|Gewicht ohne Akku1,44kg","","","'https://www.nexmart.com/media/catalog/ampshare/fein/373160_7_pset7130063__ofc_jpg/detail.jpg/normal.jpg","0.152","0.358","0.445","6.056","","main_product",1,"","","","","","",""
"71300664000","71300664000","4014586899213","Akku-Spannung18V|Akku-Kapazität5Ah|Akku-KompatibilitätLi-Ionen / ProCORE Li-Ionen|Akku-Schnittstelle18 V AMPShare|Hubzahl2 200 - 3 5001/min|Schneidgeschwindigkeit6 - 9m/min|Stahl bis 400 N/mm²1,6mm|Stahl bis 600 N/mm²1,2mm|Stahl bis 800 N/mm²1mm|NE-Metalle bis 250 N/mm²2mm|Radius der kleinsten Kurve15mm|Gewicht ohne Akku1,44kg","","","'https://www.nexmart.com/media/catalog/ampshare/fein/373159_7_pset71300664__ofc_jpg/detail.jpg/normal.jpg","0.152","0.358","0.445","6.662","","main_product",1,"","","","","","",""
"71321061000","71321061000","4014586898612","Akku-Spannung18V|Akku-KompatibilitätLi-Ionen / ProCORE Li-Ionen|Akku-Schnittstelle18 V AMPShare|Hubzahl1 000 - 1 6001/min|Schneidgeschwindigkeit1,9m/min|Stahl bis 400 N/mm²1,3mm|Stahl bis 600 N/mm²0,8mm|Stahl bis 800 N/mm²0,6mm|NE-Metalle bis 250 N/mm²2mm|Schneidspurbreite4mm|Eintauch- mit Matrize19mm|Radius der kleinsten Kurve (innen/außen)15 / 20mm|Gewicht ohne Akku1,68kg","","","'https://www.nexmart.com/media/catalog/ampshare/fein/366329_7_piso71321061_soft__ofc_jpg/detail.jpg/normal.jpg","0.152","0.358","0.445","4.666","","main_product",1,"","","","","","",""
"71321062000","71321062000","4014586899220","Akku-Spannung18V|Akku-KompatibilitätLi-Ionen / ProCORE Li-Ionen|Akku-Schnittstelle18 V AMPShare|Hubzahl1 000 - 1 6001/min|Schneidgeschwindigkeit1,9m/min|Stahl bis 400 N/mm²1,3mm|Stahl bis 600 N/mm²0,8mm|Stahl bis 800 N/mm²0,6mm|NE-Metalle bis 250 N/mm²2mm|Schneidspurbreite4mm|Eintauch- mit Matrize19mm|Radius der kleinsten Kurve (innen/außen)15 / 20mm|Gewicht ohne Akku1,68kg","","","'https://www.nexmart.com/media/catalog/ampshare/fein/370914_7_pset71321062__ofc_jpg/detail.jpg/normal.jpg","0.152","0.358","0.445","4.957","","main_product",1,"","","","","","",""
"71321063000","71321063000","4014586899237","Akku-Spannung18V|Akku-KompatibilitätLi-Ionen / ProCORE Li-Ionen|Akku-Schnittstelle18 V AMPShare|Hubzahl1 000 - 1 6001/min|Schneidgeschwindigkeit1,9m/min|Stahl bis 400 N/mm²1,3mm|Stahl bis 600 N/mm²0,8mm|Stahl bis 800 N/mm²0,6mm|NE-Metalle bis 250 N/mm²2mm|Schneidspurbreite4mm|Eintauch- mit Matrize19mm|Radius der kleinsten Kurve (innen/außen)15 / 20mm|Gewicht ohne Akku1,68kg","","","'https://www.nexmart.com/media/catalog/ampshare/fein/370915_7_pset71321063__ofc_jpg/detail.jpg/normal.jpg","0.152","0.358","0.445","6.355","","main_product",1,"","","","","","",""
"71321064000","71321064000","4014586899244","Akku-Spannung18V|Akku-KompatibilitätLi-Ionen / ProCORE Li-Ionen|Akku-Schnittstelle18 V AMPShare|Hubzahl1 000 - 1 6001/min|Schneidgeschwindigkeit1,9m/min|Stahl bis 400 N/mm²1,3mm|Stahl bis 600 N/mm²0,8mm|Stahl bis 800 N/mm²0,6mm|NE-Metalle bis 250 N/mm²2mm|Schneidspurbreite4mm|Eintauch- mit Matrize19mm|Radius der kleinsten Kurve (innen/außen)15 / 20mm|Gewicht ohne Akku1,68kg","","","'https://www.nexmart.com/media/catalog/ampshare/fein/370916_7_pset71321064__ofc_jpg/detail.jpg/normal.jpg","0.152","0.358","0.445","6.96","","main_product",1,"","","","","","",""
"71321161000","71321161000","4014586898568","Akku-Spannung18V|Akku-KompatibilitätLi-Ionen / ProCORE Li-Ionen|Akku-Schnittstelle18 V AMPShare|Hubzahl850 - 1 3501/min|Schneidgeschwindigkeit1,5m/min|Stahl bis 400 N/mm²1,6mm|Stahl bis 600 N/mm²1mm|Stahl bis 800 N/mm²0,7mm|NE-Metalle bis 250 N/mm²2,5mm|Schneidspurbreite5mm|Eintauch- mit Matrize22mm|Radius der kleinsten Kurve (innen/außen)30 / 35mm|Gewicht ohne Akku1,71kg","","","'https://www.nexmart.com/media/catalog/ampshare/fein/366338_7_piso71321161_soft__ofc_jpg/detail.jpg/normal.jpg","0.152","0.358","0.445","4.77","","main_product",1,"","","","","","",""
"71321162000","71321162000","4014586899251","Akku-Spannung18V|Akku-KompatibilitätLi-Ionen / ProCORE Li-Ionen|Akku-Schnittstelle18 V AMPShare|Hubzahl850 - 1 3501/min|Schneidgeschwindigkeit1,5m/min|Stahl bis 400 N/mm²1,6mm|Stahl bis 600 N/mm²1mm|Stahl bis 800 N/mm²0,7mm|NE-Metalle bis 250 N/mm²2,5mm|Schneidspurbreite5mm|Eintauch- mit Matrize22mm|Radius der kleinsten Kurve (innen/außen)30 / 35mm|Gewicht ohne Akku1,71kg","","","'https://www.nexmart.com/media/catalog/ampshare/fein/370911_7_pset71321162__ofc_jpg/detail.jpg/normal.jpg","0.152","0.358","0.445","4.949","","main_product",1,"","","","","","",""
"71321163000","71321163000","4014586899268","Akku-Spannung18V|Akku-Kapazität5Ah|Akku-KompatibilitätLi-Ionen / ProCORE Li-Ionen|Akku-Schnittstelle18 V AMPShare|Hubzahl850 - 1 3501/min|Schneidgeschwindigkeit1,5m/min|Stahl bis 400 N/mm²1,6mm|Stahl bis 600 N/mm²1mm|Stahl bis 800 N/mm²0,7mm|NE-Metalle bis 250 N/mm²2,5mm|Schneidspurbreite5mm|Eintauch- mit Matrize22mm|Radius der kleinsten Kurve (innen/außen)30 / 35mm|Gewicht ohne Akku1,71kg","","","'https://www.nexmart.com/media/catalog/ampshare/fein/370912_7_pset71321163__ofc_jpg/detail.jpg/normal.jpg","0.152","0.358","0.445","6.36","","main_product",1,"","","","","","",""
"71321164000","71321164000","4014586899275","Akku-Spannung18V|Akku-Kapazität5Ah|Akku-KompatibilitätLi-Ionen / ProCORE Li-Ionen|Akku-Schnittstelle18 V AMPShare|Hubzahl850 - 1 3501/min|Schneidgeschwindigkeit1,5m/min|Stahl bis 400 N/mm²1,6mm|Stahl bis 600 N/mm²1mm|Stahl bis 800 N/mm²0,7mm|NE-Metalle bis 250 N/mm²2,5mm|Schneidspurbreite5mm|Eintauch- mit Matrize22mm|Radius der kleinsten Kurve (innen/außen)30 / 35mm|Gewicht ohne Akku1,71kg","","","'https://www.nexmart.com/media/catalog/ampshare/fein/370913_7_pset71321164__ofc_jpg/detail.jpg/normal.jpg","0.152","0.358","0.445","6.951","","main_product",1,"","","","","","",""
"92604203010","92604203010","4014586895734","Akku-Spannung18V|Akku-KompatibilitätLi-Ionen / ProCORE Li-Ionen|Akku-Schnittstelle18 V AMPShare|Behältervolumen10l|Gewicht ohne Akku4,70kg","","","'https://www.nexmart.com/media/catalog/ampshare/fein/354063_7_piso92604203__ofc_jpg/detail.jpg/normal.jpg","0.42","0.33","0.41","6.854","","main_product",1,"","","","","","",""
"92604204010","92604204010","4014586897288","Speicherplätze DAB+8|Speicherplätze FM8|Akku-Spannung18V|Akku-KompatibilitätLi-Ionen / ProCORE Li-Ionen|Akku-Schnittstelle18 V AMPShare|Gewicht ohne Akku2,50kg","","","'https://www.nexmart.com/media/catalog/ampshare/fein/355848_7_piso92604204__ofc_jpg/detail.jpg/normal.jpg","0.17","0.18","0.37","3.507","","main_product",1,"","","","","","",""
"71330161000","71330161000","4014586897240","Akku-Spannung18V|Akku-KompatibilitätLi-Ionen / ProCORE Li-Ionen|Akku-Schnittstelle18 V AMPShare|Hubzahl0 - 3 0501/min|Holz200mm|Hublänge21mm|Metallprofile und Metallrohre100mm|Breite78mm|Höhe177mm|Länge367mm|Gewicht ohne Akku2,00kg","","","'https://www.nexmart.com/media/catalog/ampshare/fein/378066_7_pset71330161000__ofc_jpg/detail.jpg/normal.jpg","0.152","0.368","0.445","5.23","","main_product",1,"","","","","","",""
"71330162000","71330162000","4014586900117","Akku-Spannung18V|Akku-KompatibilitätLi-Ionen / ProCORE Li-Ionen|Akku-Schnittstelle18 V AMPShare|Hubzahl0 - 3 0501/min|Holz200mm|Hublänge21mm|Metallprofile und Metallrohre100mm|Breite78mm|Höhe177mm|Länge367mm|Gewicht ohne Akku2,00kg","","","'https://www.nexmart.com/media/catalog/ampshare/fein/378071_7_pset71330162000__ofc_jpg/detail.jpg/normal.jpg","0.152","0.368","0.445","6.992","","main_product",1,"","","","","","",""
"71350161000","71350161000","4014586897257","Akku-Spannung18V|Akku-KompatibilitätLi-Ionen / ProCORE Li-Ionen|Akku-Schnittstelle18 V AMPShare|Leerlaufdrehzahl162min⁻¹|Max. Schnitttiefe63,5mm|Abmessung Sägeblatt733 x 13 x 0,35mm|Breite200mm|Höhe255mm|Länge355mm|Gewicht ohne Akku3,30kg","","","'https://www.nexmart.com/media/catalog/ampshare/fein/378064_7_pset71350161000__ofc_jpg/detail.jpg/normal.jpg","0.253","0.357","0.442","6.676","","main_product",1,"","","","","","",""
"71350162000","71350162000","4014586900124","Akku-Spannung18V|Akku-KompatibilitätLi-Ionen / ProCORE Li-Ionen|Akku-Schnittstelle18 V AMPShare|Leerlaufdrehzahl162min⁻¹|Max. Schnitttiefe63,5mm|Abmessung Sägeblatt733 x 13 x 0,35mm|Breite200mm|Höhe255mm|Länge355mm|Gewicht ohne Akku3,30kg","","","'https://www.nexmart.com/media/catalog/ampshare/fein/378063_7_pset71350162000__ofc_jpg/detail.jpg/normal.jpg","0.267","0.368","0.453","10.314","","main_product",1,"","","","","","",""
"71360461000","71360461000","4014586900131","Akku-Spannung18V|Akku-KompatibilitätLi-Ionen / ProCORE Li-Ionen|Akku-Schnittstelle18 V AMPShare|Leerlaufdrehzahl1 300 - 2 800min⁻¹|Max. Schnitttiefe57mm|Sägeblatt 150mm|Max. Sägeblattdicke2mm|Aufnahmebohrung 20mm|Breite179mm|Höhe249mm|Länge287mm|Stahl bis 400 N/mm²24mm|Stahl bis 800 N/mm²4mm|NE-Metalle bis 250 N/mm²40mm|Abmessung Grundplatte256 x  131mm|Gewicht ohne Akku3,05kg","","","'https://www.nexmart.com/media/catalog/ampshare/fein/377961_7_pset71360461000__ofc_jpg/detail.jpg/normal.jpg","0.253","0.357","0.442","7.22","","main_product",1,"","","","","","",""
"71360462000","71360462000","4014586900148","Akku-Spannung18V|Akku-Kapazität8Ah|Akku-KompatibilitätLi-Ionen / ProCORE Li-Ionen|Akku-Schnittstelle18 V AMPShare|Leerlaufdrehzahl1 300 - 2 800min⁻¹|Max. Schnitttiefe57mm|Sägeblatt 150mm|Max. Sägeblattdicke2mm|Aufnahmebohrung 20mm|Breite179mm|Höhe249mm|Länge287mm|Stahl bis 400 N/mm²24mm|Stahl bis 800 N/mm²4mm|NE-Metalle bis 250 N/mm²40mm|Abmessung Grundplatte256 x  131mm|Gewicht ohne Akku3,05kg","","","'https://www.nexmart.com/media/catalog/ampshare/fein/378070_7_pset71360462000__ofc_jpg/detail.jpg/normal.jpg","0.267","0.368","0.453","10.424","","main_product",1,"","","","","","",""
"71700361000","71700361000","4014586898285","Akku-Spannung18V|Akku-KompatibilitätLi-Ionen / ProCORE Li-Ionen**|Akku-Schnittstelle18 V AMPShare|Motorbürstenlos|Lastdrehzahl130 - 520min⁻¹|WerkzeugaufnahmeMK 2|HM Kernbohrer max. 35mm|HSS Kernbohrer max. 35mm|Kernbohrer Bohrtiefe max.50(75)*mm|Spiralbohrer max. 18mm|GewindebohrenM 14|Senken max. 30mm|Reiben max. 18mm|KernbohreraufnahmeQuickIN|Kernbohrerwechselwerkzeuglos|Hub135mm|Gesamter Hubbereich260mm|Magnet-Haltekraft9 000N|Magnetfuß-Abmessungen195 x 70mm|Gewicht ohne Akku12,20kg","","","'https://www.nexmart.com/media/catalog/ampshare/fein/370901_7_piso71700361_soft__ofc_jpg/detail.jpg/normal.jpg","0.25","0.52","0.61","17.4","","main_product",1,"","","","","","",""
"","2000108","4036351345084","Anschlussspannung18V|StromartAC|Ansaugleistung93l/min|Füllleistung50l/min|Verdichter Drehzahl1600min¯¹|Höchstdruck8bar|Behälterinhalt6l|Schalldruckpegel Lp60dB(A)|Leistung Antriebsmotor0.400000000000000kW","","","'https://www.nexmart.com/media/catalog/ampshare/2000108_h.jpg/normal.jpg","0.33","0.355","0.37","13.8","","",1,"","","","","","",""
"71700461000","71700461000","4014586898292","Akku-Spannung18V|Akku-KompatibilitätLi-Ionen / ProCORE Li-Ionen**|Akku-Schnittstelle18 V AMPShare|Motorbürstenlos|Lastdrehzahl130 - 520min⁻¹|WerkzeugaufnahmeMK 2|HM Kernbohrer max. 35mm|HSS Kernbohrer max. 35mm|Kernbohrer Bohrtiefe max.50(75)*mm|Spiralbohrer max. 18mm|GewindebohrenM 14|Senken max. 30mm|Reiben max. 18mm|Kernbohreraufnahme3/4 in Weldon|Kernbohrerwechselwerkzeuglos|Hub135mm|Gesamter Hubbereich260mm|Magnet-Haltekraft9 000N|Magnetfuß-Abmessungen195 x 70mm|Gewicht ohne Akku12,20kg","","","'https://www.nexmart.com/media/catalog/ampshare/fein/370901_7_piso71700361_soft__ofc_jpg/detail.jpg/normal.jpg","0.25","0.52","0.61","17.4","","main_product",1,"","","","","","",""
"71700462000","71700462000","4014586899596","Akku-Spannung18V|Akku-KompatibilitätLi-Ionen / ProCORE Li-Ionen**|Akku-Schnittstelle18 V AMPShare|Motorbürstenlos|Lastdrehzahl130 - 520min⁻¹|WerkzeugaufnahmeMK 2|HM Kernbohrer max. 35mm|HSS Kernbohrer max. 35mm|Kernbohrer Bohrtiefe max.50(75)*mm|Spiralbohrer max. 18mm|GewindebohrenM 14|Senken max. 30mm|Reiben max. 18mm|Kernbohreraufnahme3/4 in Weldon|Kernbohrerwechselwerkzeuglos|Hub135mm|Gesamter Hubbereich260mm|Magnet-Haltekraft9 000N|Magnetfuß-Abmessungen195 x 70mm|Gewicht ohne Akku12,20kg","","","'https://www.nexmart.com/media/catalog/ampshare/fein/376329_7_pset71700462000__ofc_jpg/detail.jpg/normal.jpg","0.25","0.52","0.61","22.4","","main_product",1,"","","","","","",""
"71700463000","71700463000","4014586899602","Akku-Spannung18V|Akku-KompatibilitätLi-Ionen / ProCORE Li-Ionen**|Akku-Schnittstelle18 V AMPShare|Motorbürstenlos|Lastdrehzahl130 - 520min⁻¹|WerkzeugaufnahmeMK 2|HM Kernbohrer max. 35mm|HSS Kernbohrer max. 35mm|Kernbohrer Bohrtiefe max.50(75)*mm|Spiralbohrer max. 18mm|GewindebohrenM 14|Senken max. 31mm|Reiben max. 18mm|Kernbohreraufnahme3/4 in Weldon|Kernbohrerwechselwerkzeuglos|Hub135mm|Gesamter Hubbereich260mm|Magnet-Haltekraft9 000N|Magnetfuß-Abmessungen195 x 70mm|Gewicht ohne Akku12,20kg","","","'https://www.nexmart.com/media/catalog/ampshare/fein/374574_7_pset71700463000__ofc_jpg/detail.jpg/normal.jpg","0.25","0.52","0.61","21.5","","main_product",1,"","","","","","",""
"71700464000","71700464000","4014586899633","Akku-Spannung18V|Akku-KompatibilitätLi-Ionen / ProCORE Li-Ionen**|Akku-Schnittstelle18 V AMPShare|Motorbürstenlos|Lastdrehzahl130 - 520min⁻¹|WerkzeugaufnahmeMK 2|HM Kernbohrer max. 35mm|HSS Kernbohrer max. 35mm|Kernbohrer Bohrtiefe max.50(75)*mm|Spiralbohrer max. 18mm|GewindebohrenM 14|Senken max. 31mm|Reiben max. 18mm|Kernbohreraufnahme3/4 in Weldon|Kernbohrerwechselwerkzeuglos|Hub135mm|Gesamter Hubbereich260mm|Magnet-Haltekraft9 000N|Magnetfuß-Abmessungen195 x 70mm|Gewicht ohne Akku12,20kg","","","'https://www.nexmart.com/media/catalog/ampshare/fein/374573_7_pset71700464000__ofc_jpg/detail.jpg/normal.jpg","0.25","0.52","0.61","22.0","","main_product",1,"","","","","","",""
"71700465000","71700465000","4014586899688","Akku-Spannung18V|Akku-KompatibilitätLi-Ionen / ProCORE Li-Ionen**|Akku-Schnittstelle18 V AMPShare|Motorbürstenlos|Lastdrehzahl130 - 520min⁻¹|WerkzeugaufnahmeMK 2|HM Kernbohrer max. 35mm|HSS Kernbohrer max. 35mm|Kernbohrer Bohrtiefe max.50(75)*mm|Spiralbohrer max. 18mm|GewindebohrenM 14|Senken max. 30mm|Reiben max. 18mm|Kernbohreraufnahme3/4 in Weldon|Kernbohrerwechselwerkzeuglos|Hub135mm|Gesamter Hubbereich260mm|Magnet-Haltekraft9 000N|Magnetfuß-Abmessungen195 x 70mm|Gewicht ohne Akku12,20kg","","","'https://www.nexmart.com/media/catalog/ampshare/fein/376330_7_pset71700465000__ofc_jpg/detail.jpg/normal.jpg","0.25","0.52","0.61","26.5","","main_product",1,"","","","","","",""
"71700466000","71700466000","4014586899718","Akku-Spannung18V|Akku-KompatibilitätLi-Ionen / ProCORE Li-Ionen**|Akku-Schnittstelle18 V AMPShare|Motorbürstenlos|Lastdrehzahl130 - 520min⁻¹|WerkzeugaufnahmeMK 2|HM Kernbohrer max. 35mm|HSS Kernbohrer max. 35mm|Kernbohrer Bohrtiefe max.50(75)*mm|Spiralbohrer max. 18mm|GewindebohrenM 14|Senken max. 30mm|Reiben max. 18mm|Kernbohreraufnahme3/4 in Weldon|Kernbohrerwechselwerkzeuglos|Hub135mm|Gesamter Hubbereich260mm|Magnet-Haltekraft9 000N|Magnetfuß-Abmessungen195 x 70mm|Gewicht ohne Akku12,20kg","","","'https://www.nexmart.com/media/catalog/ampshare/fein/376331_7_pset71700466000__ofc_jpg/detail.jpg/normal.jpg","0.25","0.52","0.61","27.0","","main_product",1,"","","","","","",""
"","100964","4054959000037","Max. Hebeleistung200kg|Steiggeschwindigkeit9 - 20Stufen / min|Reichweite, bei 75 kgca. 70Stockwerke|Reichweite bei Maximallastca. 14Stockwerke|Max. Treppenstufenhöhe0.21m","","","'https://www.nexmart.com/media/catalog/ampshare/cc200_li-ion.png/normal.png","","0.466","","27.6","","",1,"","","","","","",""
"","144.800","7612733448009","Akkuspannung18V|Frequenz50/60Hz|Max. Unterdruck0.0200000000000000bar|Emissionspegel78dB (A)|Länge0.320000000000000m|Breite0.320000000000000m|Höhe0.155000000000000m|Gewicht1.5kg","","","'https://www.nexmart.com/media/catalog/ampshare/209857.jpg/normal.jpg","0.155","0.32","0.32","1.5","","",1,"","","","","","",""
"","320421000000-010-1","4016111710826","Werkzeug Gewicht ohne Akku1235g|Werkzeug Gewicht mit Akku1600g|Setzkraft10000N|Hub25mm","","","'https://www.nexmart.com/media/catalog/ampshare/rivdom-ebz-1-ampshare-001.jpg/normal.jpg","","","","5.52","","",1,"","","","","","",""
"","320421000000-020-1","4016111703415","Werkzeug Gewicht ohne Akku1235g|Werkzeug Gewicht mit Akku1600g|Setzkraft10000N|Hub25mm","","","'https://www.nexmart.com/media/catalog/ampshare/rivdom-ebz-1-ampshare-001.jpg/normal.jpg","","","","5.96","","",1,"","","","","","",""
"","320421000000-099-1","4016111708120","Werkzeug Gewicht ohne Akku1235g|Werkzeug Gewicht mit Akku1600g|Setzkraft10000N|Hub25mm","","","'https://www.nexmart.com/media/catalog/ampshare/rivdom-ebz-1-ampshare-001.jpg/normal.jpg","","","","5.18","","",1,"","","","","","",""
"","320421000000-199-1","4016111708137","Werkzeug Gewicht ohne Akku1235g|Werkzeug Gewicht mit Akku1600g|Setzkraft10000N|Hub25mm","","","'https://www.nexmart.com/media/catalog/ampshare/rivdom-ebz-1-ampshare-001.jpg/normal.jpg","","","","5.0","","",1,"","","","","","",""
"","320621000000-010-1","4016111708168","Werkzeug Gewicht ohne Akku1995g|Werkzeug Gewicht mit Akku2400g|Setzkraft24000N|Hub20mm","","","'https://www.nexmart.com/media/catalog/ampshare/rivdom-evng-2-ampshare-001.jpg/normal.jpg","","","","6.1","","",1,"","","","","","",""
"","320621000000-020-1","4016111708175","Werkzeug Gewicht ohne Akku1995g|Werkzeug Gewicht mit Akku2400g|Setzkraft24000N|Hub20mm","","","'https://www.nexmart.com/media/catalog/ampshare/rivdom-evng-2-ampshare-001.jpg/normal.jpg","","","","6.54","","",1,"","","","","","",""
"","144.000","7612733440003","Akkuspannung18V|Akkukapazität72Wh|Frequenz50/60Hz|Max. Unterdruck0.0200000000000000bar|Emissionspegel78dB (A)|Länge0.360000000000000m|Breite0.320000000000000m|Höhe0.155000000000000m|Gewicht2kg","","","'https://www.nexmart.com/media/catalog/ampshare/208875.jpg/normal.jpg","0.155","0.32","0.36","2.0","","",1,"","","","","","",""
"1000004125","1000004125","4004625550953","ETIM CodeEC011106|Batterie TypWiederaufladbar|Batterie Anzahl1Stück|Batterie SystemLi-Ion / Li-Po Batterie (wiederaufladbar)|Kapazität Akku2Ah|System-AkkuAMPShare|Typ-AkkuLi-Power|Betriebs Umgebungsfeuchtigkeit0 – 95%|Betriebs Umgebungstemperatur0 – 40°C","","","'https://www.nexmart.com/media/catalog/ampshare/rothenberger/138231_tif/detail.png/normal.png","0.0422","0.386","0.0586","5.0","5","",1,"","","","","","",""
"1000004126","1000004126","4004625550960","ETIM CodeEC011106|Batterie TypWiederaufladbar|Batterie Anzahl1Stück|Batterie SystemLi-Ion / Li-Po Batterie (wiederaufladbar)|Kapazität Akku2Ah|System-AkkuAMPShare|Typ-AkkuLi-Power|Betriebs Umgebungsfeuchtigkeit0 – 95%|Betriebs Umgebungstemperatur0 – 40°C","","","'https://www.nexmart.com/media/catalog/ampshare/rothenberger/138233_tif/detail.png/normal.png","0.039","0.14","0.039","3.8","","",1,"","","","","","",""
"1000004127","1000004127","4004625550977","ETIM CodeEC011106|Batterie TypWiederaufladbar|Batterie Anzahl1Stück|Batterie SystemLi-Ion / Li-Po Batterie (wiederaufladbar)|Kapazität Akku2Ah|System-AkkuAMPShare|Typ-AkkuLi-Power|Betriebs Umgebungsfeuchtigkeit0 – 95%|Betriebs Umgebungstemperatur0 – 40°C","","","'https://www.nexmart.com/media/catalog/ampshare/rothenberger/138230_tif/detail.png/normal.png","0.0422","0.386","0.0586","5.5","5","",1,"","","","","","",""
"1000004132","1000004132","4004625551042","ETIM CodeEC002977|Batterie TypWiederaufladbar|Batterie Anzahl1Stück|Batterie SystemLi-Ion / Li-Po Batterie (wiederaufladbar)|Kapazität Akku2Ah|System-AkkuAMPShare|Typ-AkkuLi-Power|Betriebs Umgebungsfeuchtigkeit0 – 95%|Betriebs Umgebungstemperatur0 – 40°C","","","'https://www.nexmart.com/media/catalog/ampshare/rothenberger/143501_tif/detail.png/normal.png","0.04","0.15","0.062","4.5","","",1,"","","","","","",""
"1000004133","1000004133","4004625551066","ETIM CodeEC000496|Batterie TypWiederaufladbar|Batterie Anzahl1Stück|Batterie SystemLi-Ion / Li-Po Batterie (wiederaufladbar)|Kapazität Akku2Ah|System-AkkuAMPShare|Typ-AkkuLi-Power|Betriebs Umgebungsfeuchtigkeit0 – 95%|Betriebs Umgebungstemperatur0 – 40°C","","","'https://www.nexmart.com/media/catalog/ampshare/rothenberger/143501_tif/detail.png/normal.png","0.0377","0.245","0.0682","7.9","","",1,"","","","","","",""
"1000004137","1000004137","4004625551110","ETIM CodeEC000496|Batterie TypWiederaufladbar|Batterie Anzahlkein Akku enthalten|Batterie SystemLi-Ion / Li-Po Batterie (wiederaufladbar)|Kapazität Akku4Ah|System-AkkuAMPShare|Typ-AkkuKein Akkupack enthalten|Betriebs Umgebungsfeuchtigkeit0 – 95%|Betriebs Umgebungstemperatur0 – 40°C","","","'https://www.nexmart.com/media/catalog/ampshare/rothenberger/143501_tif/detail.png/normal.png","0.04","0.15","0.062","7.9","","",1,"","","","","","",""
"1000004165","1000004165","4004625551851","ETIM CodeEC001186|eClass Code21049090|Klassencode ECLASSAKN665|Batterie TypWiederaufladbar|Batterie Anzahl1Stück|Batterie SystemLi-Ion / Li-Po Batterie (wiederaufladbar)|Kapazität Akku4Ah|System-AkkuAMPShare|Typ-AkkuLi-Power|Kolbenkraft32 - 34kN|Zeit Presszyklus5sek|Spannung18V","","","'https://www.nexmart.com/media/catalog/ampshare/rothenberger/350376_tif/detail.png/normal.png","0.0148","0.405","0.0595","7.39","","",1,"","","","","","",""
"1000004166","1000004166","4004625551868","ETIM CodeEC001186|eClass Code21049090|Klassencode ECLASSAKN665|Batterie TypWiederaufladbar|Batterie Anzahl1Stück|Batterie SystemLi-Ion / Li-Po Batterie (wiederaufladbar)|Kapazität Akku4Ah|System-AkkuAMPShare|Typ-AkkuLi-Power|Kolbenkraft32 - 34kN|Zeit Presszyklus5sec|Spannung18V","","","'https://www.nexmart.com/media/catalog/ampshare/rothenberger/350376_tif/detail.png/normal.png","0.0405","0.145","0.0595","6.18","","",1,"","","","","","",""
"1000004167","1000004167","4004625551875","ETIM CodeEC001186|eClass Code21049090|Klassencode ECLASSAKN665|Batterie TypWiederaufladbar|Batterie Anzahl2Stück|Batterie SystemLi-Ion / Li-Po Batterie (wiederaufladbar)|Kapazität Akku4Ah|System-AkkuAMPShare|Typ-AkkuLi-Power|Kolbenkraft32 - 34kN|Zeit Presszyklus5sek|Spannung18V","","","'https://www.nexmart.com/media/catalog/ampshare/rothenberger/350376_tif/detail.png/normal.png","0.0405","0.145","0.0595","7.795","","",1,"","","","","","",""
"1000004186","1000004186","4004625552513","ETIM CodeEC001379|Batterie TypWiederaufladbar|Batterie Anzahl1Stück|Batterie SystemLi-Ion / Li-Po Batterie (wiederaufladbar)|Kapazität Akku4Ah|System-AkkuAMPShare|Typ-AkkuLi-Power|GewindeartBSPT R|Gewindeschneidgeschwindigkeit15 – 25U/min|Schalldruckpegel100dB(A)|Schallleistungspegel (LwA)87dB(A)|Vibration3.02m/s²|Leistungsaufnahme1.010W|Geschwindigkeit Schnell-Rücklauf58U/min|Arbeitsbereich Durchmesser Zoll1/4 – 2Zoll","","","'https://www.nexmart.com/media/catalog/ampshare/rothenberger/167559_tif/detail.png/normal.png","0.049","0.16","0.08","22.0","","",1,"","","","","","",""
"1000004190","1000004190","4004625552735","ETIM CodeEC011119|Netzstecker TypStecker-Typ C (CEE 7/16)|Spannung18|Arbeitsbereich Durchmesser Zoll1/2 – 1.3/8Zoll|Arbeitsbereich Durchmesser mm12 - 35mm|Biegeradius42 – 140mm","","","'https://www.nexmart.com/media/catalog/ampshare/rothenberger/168122_tif/detail.png/normal.png","0.27","0.39","0.59","17.45","1","",1,"","","","","","",""
"1000004192","1000004192","4004625552964","ETIM CodeEC011119|Ausgangsleistung1.010W|Netzstecker TypStecker-Typ C (CEE 7/16)|Spannung18|Anzahl Segmente6|Arbeitsbereich Durchmesser Zoll1/2 – 1.1/8Zoll|Arbeitsbereich Durchmesser mm12 - 28mm|Biegeradius42 – 112mm","","","'https://www.nexmart.com/media/catalog/ampshare/rothenberger/167558_tif/detail.png/normal.png","0.27","0.39","0.59","30.15","","",1,"","","","","","",""
"1000004193","1000004193","4004625553008","ETIM CodeEC011119|Netzstecker TypStecker-Typ C (CEE 7/16)|Spannung18|Arbeitsbereich Durchmesser Zoll1/2 – 1.1/8Zoll|Arbeitsbereich Durchmesser mm13 - 29mm|Biegeradius42 – 112mm","","","'https://www.nexmart.com/media/catalog/ampshare/rothenberger/167558_tif/detail.png/normal.png","0.27","0.39","0.59","29.45","","",1,"","","","","","",""
"1000004266","1000004266","4004625554685","ETIM CodeEC001186|Batterie TypWiederaufladbar|Batterie Anzahl1Stück|Batterie SystemLi-Ion / Li-Po Batterie (wiederaufladbar)|Kapazität Akku2Ah|System-AkkuAMPShare|Typ-AkkuLi-Power|Kolbenkraft19kN|Zeit Presszyklus3sek|Spannung18V","","","'https://www.nexmart.com/media/catalog/ampshare/rothenberger/165906_tif/detail.png/normal.png","0.04","0.145","0.0395","4.53","5","",1,"","","","","","",""
"1000004267","1000004267","4004625554692","ETIM CodeEC001186|eClass Code21049090|Klassencode ECLASSAKN665|Batterie TypWiederaufladbar|Batterie Anzahl1Stück|Batterie SystemLi-Ion / Li-Po Batterie (wiederaufladbar)|Kapazität Akku2Ah|System-AkkuAMPShare|Typ-AkkuLi-Power|Kolbenkraft19kN|Zeit Presszyklus3sek|Spannung18V","","","'https://www.nexmart.com/media/catalog/ampshare/rothenberger/165906_tif/detail.png/normal.png","0.0405","0.145","0.04","5.48","","",1,"","","","","","",""
"1000004272","1000004272","4004625554890","ETIM CodeEC001186|eClass Code21049090|Klassencode ECLASSAKN665|Batterie TypWiederaufladbar|Batterie Anzahl2Stück|Batterie SystemLi-Ion / Li-Po Batterie (wiederaufladbar)|Kapazität Akku2Ah|System-AkkuAMPShare|Typ-AkkuLi-Power|Kolbenkraft19kN|Zeit Presszyklus3sek|Spannung18V","","","'https://www.nexmart.com/media/catalog/ampshare/rothenberger/165906_tif/detail.png/normal.png","0.0145","0.4","0.04","5.965","","",1,"","","","","","",""
"1000004274","1000004274","4004625554951","ETIM CodeEC001186|eClass Code21049090|Klassencode ECLASSAKN665|Batterie TypWiederaufladbar|Batterie Anzahl1Stück|Batterie SystemLi-Ion / Li-Po Batterie (wiederaufladbar)|Kapazität Akku2Ah|System-AkkuAMPShare|Typ-AkkuLi-Power|Kolbenkraft19kN|Zeit Presszyklus3sek|Spannung18V","","","'https://www.nexmart.com/media/catalog/ampshare/rothenberger/165906_tif/detail.png/normal.png","0.0145","0.405","0.0398","9.25","","",1,"","","","","","",""
"1000004276","1000004276","4004625554982","ETIM CodeEC001186|eClass Code21049090|Klassencode ECLASSAKN665|Batterie TypWiederaufladbar|Batterie Anzahl1Stück|Batterie SystemLi-Ion / Li-Po Batterie (wiederaufladbar)|Kapazität Akku2Ah|System-AkkuAMPShare|Typ-AkkuLi-Power|Kolbenkraft19kN|Zeit Presszyklus3sek|Spannung18V","","","'https://www.nexmart.com/media/catalog/ampshare/rothenberger/165906_tif/detail.png/normal.png","0.0145","0.405","0.0398","9.25","","",1,"","","","","","",""
"1000004280","1000004280","4004625555088","ETIM CodeEC001186|eClass Code21049090|Klassencode ECLASSAKN665|Batterie TypWiederaufladbar|Batterie Anzahl1Stück|Batterie SystemLi-Ion / Li-Po Batterie (wiederaufladbar)|Kapazität Akku2Ah|System-AkkuAMPShare|Typ-AkkuLi-Power|Kolbenkraft19kN|Zeit Presszyklus3sek|Spannung18V","","","'https://www.nexmart.com/media/catalog/ampshare/rothenberger/165906_tif/detail.png/normal.png","0.0145","0.405","0.0398","9.25","","",1,"","","","","","",""
"1000004283","1000004283","4004625555101","ETIM CodeEC001186|eClass Code21049090|Klassencode ECLASSAKN665|Batterie TypWiederaufladbar|Batterie Anzahl1Stück|Batterie SystemLi-Ion / Li-Po Batterie (wiederaufladbar)|Kapazität Akku2Ah|System-AkkuAMPShare|Typ-AkkuLi-Power|Kolbenkraft19kN|Zeit Presszyklus3sek|Spannung18V","","","'https://www.nexmart.com/media/catalog/ampshare/rothenberger/165906_tif/detail.png/normal.png","0.0145","0.405","0.0398","9.25","","",1,"","","","","","",""
"1000004287","1000004287","4004625555149","ETIM CodeEC001186|eClass Code21049090|Klassencode ECLASSAKN665|Batterie TypWiederaufladbar|Batterie Anzahl1Stück|Batterie SystemLi-Ion / Li-Po Batterie (wiederaufladbar)|Kapazität Akku2Ah|System-AkkuAMPShare|Typ-AkkuLi-Power|Kolbenkraft19kN|Zeit Presszyklus3sek|Spannung18V","","","'https://www.nexmart.com/media/catalog/ampshare/rothenberger/165906_tif/detail.png/normal.png","0.0145","0.405","0.0398","17.5","","",1,"","","","","","",""
"1000004293","1000004293","4004625555231","ETIM CodeEC001186|eClass Code21049090|Klassencode ECLASSAKN665|Batterie TypWiederaufladbar|Batterie Anzahl1Stück|Batterie SystemLi-Ion / Li-Po Batterie (wiederaufladbar)|Kapazität Akku2Ah|System-AkkuAMPShare|Typ-AkkuLi-Power|Kolbenkraft19kN|Zeit Presszyklus3sek|Spannung18V","","","'https://www.nexmart.com/media/catalog/ampshare/rothenberger/165906_tif/detail.png/normal.png","0.0145","0.405","0.0398","9.25","","",1,"","","","","","",""
"1000004712","1000004712","4004625564790","ETIM CodeEC001371|eClass Code21052002|Klassencode ECLASSBAA394|Drehmoment weicher Schraubfall28 – 28Nm|Drehmoment harter Schraubfall55 – 55Nm|Anzahl Gänge2|Typ-AkkuLi-Power|Bohrdurchmesser Stahl13mm|Bohrdurchmesser Weichholz35mm|Leerlaufdrehzahl0 – 1.800U/min|Gewicht mit Akku1kg|Gewicht ohne Akku1kg|Akkuspannung2Ah|Batterie TypWiederaufladbar|Batterie Anzahl1Stück|Batterie SystemLi-Ion / Li-Po Batterie (wiederaufladbar)|Kapazität Akku2Ah|System-AkkuAMPShare","","","'https://www.nexmart.com/media/catalog/ampshare/rothenberger/353831_tif/detail.png/normal.png","0.19","0.33","0.42","2.0","","",1,"","","","","","",""
"567476","567476","4048962479461","500Profi / DIYProfi|998Inhalt1|999Abmessungen405 x 138 x 309mm|999Eigenschaften85 Joule Setzenergie, 4,6 kg mit Akku, Fassungsvermögen von 26 Nägel|999AMPShare kompatibelJa","","","'https://www.nexmart.com/media/catalog/ampshare/fischerwerke/product_20pictures/product_20pictures_20fischer/w2_p_p_fxc-akku-transparent_v1_jpg/detail.jpg/normal.jpg","0.143","0.33","0.47","5.568","","main_product",1,"","","","","","",""
"567477","567477","4048962479478","500Profi / DIYProfi|998Inhalt1|999Abmessungen405 x 138 x 309mm|999Eigenschaften85 Joule Setzenergie, 4,6 kg mit Akku, Fassungsvermögen von 26 Nägel|999AMPShare kompatibelJa","","","'https://www.nexmart.com/media/catalog/ampshare/fischerwerke/product_20pictures/product_20pictures_20fischer/w2_p_p_fxc-akku-transparent_v1_jpg/detail.jpg/normal.jpg","0.2","0.423","0.625","8.816","","main_product",1,"","","","","","",""
"567478","567478","4048962479485","500Profi / DIYProfi|998Inhalt1|999Abmessungen405 x 138 x 309mm|999Eigenschaften85 Joule Setzenergie, 4,6 kg mit Akku, Fassungsvermögen von 26 Nägel|999AMPShare kompatibelJa","","","'https://www.nexmart.com/media/catalog/ampshare/fischerwerke/product_20pictures/product_20pictures_20fischer/w2_p_p_fxc-cgi_v1_jpg/detail.jpg/normal.jpg","0.215","0.426","0.62","10.447","","main_product",1,"","","","","","",""
"568511","568511","4048962487961","500Profi / DIYProfi|998Inhalt1|999Geeignet fürFXC 85|999Eigenschaften500 Befestigungen pro Ladung, 4,0 Ah|999AMPShare kompatibelJa","","","'https://www.nexmart.com/media/catalog/ampshare/fischerwerke/product_20pictures/product_20pictures_20fischer/w2_p_p_fxc-battery-18v-4ah-cgi_v1_jpg/detail.jpg/normal.jpg","0.072","0.09","0.14","0.666","","main_product",1,"","","","","","",""
"568512","568512","4048962487978","500Profi / DIYProfi|998Inhalt1|999Geeignet fürFXC 85|999EigenschaftenEingang 230 V, max. Ladestrom 4 A|999AMPShare kompatibelJa","","","'https://www.nexmart.com/media/catalog/ampshare/fischerwerke/product_20pictures/product_20pictures_20fischer/w2_p_p_fxc-battery-charger-cgi_v1_jpg/detail.jpg/normal.jpg","0.095","0.14","0.25","0.672","","main_product",1,"","","","","","",""
"","167060","5021009997967","Rahmenlänge246mm|Druckkraft3.5kN|Spannung18V|Material des GriffsPC/ABS|Material des KartuschenhaltersEpoxidbeschichteter Stahl|Kapazität der Kartusche310mL|StandardfarbeSchwarz/Grau","","","'https://www.nexmart.com/media/catalog/ampshare/electraflow_20plus_20310_20cart_20side.jpg/normal.jpg","0.081","0.279","0.491","2.38","","",1,"","","","","","",""
"","167063","5021009997943","Rohrlänge275mm|Druckkraft3.5kN|Spannung18V|Material des GriffsPC/ABS|RohrmaterialEloxiertes Aluminium|Kapazität der Kartusche310, 400mL|Fassungsvermögen der Beutel310, 400mL|StandardfarbeSchwarz/Grau","","","'https://www.nexmart.com/media/catalog/ampshare/electraflow_20plus_20310_20combi_20side.jpg/normal.jpg","0.081","0.278","0.518","2.4","","",1,"","","","","","",""
"","167064","5021009997936","Rohrlänge275mm|Druckkraft3.5kN|Spannung18V|Material des GriffsPC/ABS|RohrmaterialEloxiertes Aluminium|Kapazität der Kartusche310, 400mL|Fassungsvermögen der Beutel310, 400mL|StandardfarbeSchwarz/Grau","","","'https://www.nexmart.com/media/catalog/ampshare/electraflow_20plus_20310_20combi_20side.jpg/normal.jpg","0.081","0.278","0.518","2.4","","",1,"","","","","","",""
"","167068","5021009997912","Rohrlänge389mm|Druckkraft3.5kN|Spannung18V|Material des GriffsPC/ABS|RohrmaterialEloxiertes Aluminium|Kapazität der Kartusche310, 400mL|Fassungsvermögen der Beutel310, 400, 600mL|StandardfarbeSchwarz/Grau","","","'https://www.nexmart.com/media/catalog/ampshare/electraflow_20plus_20310_20combi_20side.jpg/normal.jpg","0.081","0.278","0.632","","","",1,"","","","","","",""
"","167069","5021009997905","Rohrlänge389mm|Druckkraft3.5kN|Spannung18V|Material des GriffsPC/ABS|RohrmaterialEloxiertes Aluminium|Kapazität der Kartusche310, 400mL|Fassungsvermögen der Beutel310, 400, 600mL|StandardfarbeSchwarz/Grau","","","'https://www.nexmart.com/media/catalog/ampshare/electraflow_20plus_20310_20combi_20side.jpg/normal.jpg","0.081","0.278","0.632","2.53","","",1,"","","","","","",""
"EBS12CFB","EBS12CFB","4012078884280","Ausführung/Betätigungakku-hydraulisch|Geeignet für max. Bolzendurchmesser12.7mm|Länge der Backen-mm|Kopfbreite56mm|Kopfhöhe109mm|Mit verstellbaren Backenfalse|Gesamtlänge366mm|Schneidmesser auswechselbarfalse|Geeignet zum Schneiden von Gitterrinnentrue|SchneidenformFrontschneide|Abgewinkeltfalse|Gewicht2110g","","","'https://www.nexmart.com/media/catalog/ampshare/klauke/ebs12cfb_jpg/detail.jpg/normal.jpg","","","","5.24","","",1,"Ausführung/Betätigungakku-hydraulisch|Geeignet für max. Bolzendurchmesser12.7|Länge der Backen-|Kopfbreite56|Kopfhöhe109|Mit verstellbaren Backenfalse|Gesamtlänge366|Schneidmesser auswechselbarfalse|Geeignet zum Schneiden von Gitterrinnentrue|SchneidenformFrontschneide|Abgewinkeltfalse|Gewicht2110","EC002689","","","","",""
"EBS8CFB","EBS8CFB","4012078883535","Ausführung/Betätigungakku-hydraulisch|Geeignet für max. Bolzendurchmesser8mm|Länge der Backen-mm|Kopfbreite35mm|Kopfhöhe75mm|Mit verstellbaren Backenfalse|Gesamtlänge332mm|Schneidmesser auswechselbarfalse|Geeignet zum Schneiden von Gitterrinnentrue|SchneidenformFrontschneide|Abgewinkeltfalse|Gewicht1610g","","","'https://www.nexmart.com/media/catalog/ampshare/klauke/ebs8cfb_jpg/detail.jpg/normal.jpg","","","","3.9","","",1,"Ausführung/Betätigungakku-hydraulisch|Geeignet für max. Bolzendurchmesser8|Länge der Backen-|Kopfbreite35|Kopfhöhe75|Mit verstellbaren Backenfalse|Gesamtlänge332|Schneidmesser auswechselbarfalse|Geeignet zum Schneiden von Gitterrinnentrue|SchneidenformFrontschneide|Abgewinkeltfalse|Gewicht1610","EC002689","","","","",""
"EK12032CFB","EK12032CFB","4012078887052","Geeignet fürKabelschuhe und Verbinder|Pressformuniversal (Wechseleinsätze)|Querschnitt16mm²|AWG-Bereich16|Länge417mm|Mit Sperrvorrichtung (bei mechanischen Werkzeugen)false|Ausführung/Betätigungakku-hydraulisch|Einsätze auswechselbartrue|Anzahl der mitgelieferten Einsätze0|Mit automatischem Rücklauftrue|Zykluszeit-s|Presskraft-kN","","","'https://www.nexmart.com/media/catalog/ampshare/klauke/ek12032cfb_jpg/detail.jpg/normal.jpg","","","","11.6","","",1,"Geeignet fürKabelschuhe und Verbinder|Pressformuniversal (Wechseleinsätze)|Querschnitt16|AWG-Bereich16|Länge417|Mit Sperrvorrichtung (bei mechanischen Werkzeugen)false|Ausführung/Betätigungakku-hydraulisch|Einsätze auswechselbartrue|Anzahl der mitgelieferten Einsätze0|Mit automatischem Rücklauftrue|Zykluszeit-|Presskraft-","EC000168","","","","",""
"","320621000000-099-1","4016111708199","Werkzeug Gewicht ohne Akku1995g|Werkzeug Gewicht mit Akku2400g|Setzkraft24000N|Hub20mm","","","'https://www.nexmart.com/media/catalog/ampshare/rivdom-evng-2-ampshare-001.jpg/normal.jpg","","","","6.0","","",1,"","","","","","",""
"EK12042CFB","EK12042CFB","4012078887069","Geeignet fürKabelschuhe und Verbinder|Pressformuniversal (Wechseleinsätze)|Querschnitt10mm²|AWG-Bereich10|Länge429mm|Mit Sperrvorrichtung (bei mechanischen Werkzeugen)false|Ausführung/Betätigungakku-hydraulisch|Einsätze auswechselbartrue|Anzahl der mitgelieferten Einsätze1|Mit automatischem Rücklauftrue|Zykluszeit-s|Presskraft-kN","","","'https://www.nexmart.com/media/catalog/ampshare/klauke/ek12042cfb_jpg/detail.jpg/normal.jpg","","","","11.8","","",1,"Geeignet fürKabelschuhe und Verbinder|Pressformuniversal (Wechseleinsätze)|Querschnitt10|AWG-Bereich10|Länge429|Mit Sperrvorrichtung (bei mechanischen Werkzeugen)false|Ausführung/Betätigungakku-hydraulisch|Einsätze auswechselbartrue|Anzahl der mitgelieferten Einsätze1|Mit automatischem Rücklauftrue|Zykluszeit-|Presskraft-","EC000168","","","","",""
"EK120IDCFB","EK120IDCFB","4012078881500","Geeignet fürKabelschuhe und Verbinder|Pressformuniversal (Wechseleinsätze)|Querschnitt35mm²|AWG-Bereich35|Länge437mm|Mit Sperrvorrichtung (bei mechanischen Werkzeugen)false|Ausführung/Betätigungakku-hydraulisch|Einsätze auswechselbartrue|Anzahl der mitgelieferten Einsätze1|Mit automatischem Rücklauftrue|Zykluszeit-s|Presskraft-kN","","","'https://www.nexmart.com/media/catalog/ampshare/klauke/ek120idcfb_jpg/detail.jpg/normal.jpg","","","","11.3","","",1,"Geeignet fürKabelschuhe und Verbinder|Pressformuniversal (Wechseleinsätze)|Querschnitt35|AWG-Bereich35|Länge437|Mit Sperrvorrichtung (bei mechanischen Werkzeugen)false|Ausführung/Betätigungakku-hydraulisch|Einsätze auswechselbartrue|Anzahl der mitgelieferten Einsätze1|Mit automatischem Rücklauftrue|Zykluszeit-|Presskraft-","EC000168","","","","",""
"EK120UCFB","EK120UCFB","4012078882651","Geeignet fürKabelschuhe und Verbinder|Pressformuniversal (Wechseleinsätze)|Querschnitt16mm²|AWG-Bereich16|Länge424mm|Mit Sperrvorrichtung (bei mechanischen Werkzeugen)false|Ausführung/Betätigungakku-hydraulisch|Einsätze auswechselbartrue|Anzahl der mitgelieferten Einsätze1|Mit automatischem Rücklauftrue|Zykluszeit-s|Presskraft-kN","","","'https://www.nexmart.com/media/catalog/ampshare/klauke/ek120ucfb_jpg/detail.jpg/normal.jpg","","","","11.8","","",1,"Geeignet fürKabelschuhe und Verbinder|Pressformuniversal (Wechseleinsätze)|Querschnitt16|AWG-Bereich16|Länge424|Mit Sperrvorrichtung (bei mechanischen Werkzeugen)false|Ausführung/Betätigungakku-hydraulisch|Einsätze auswechselbartrue|Anzahl der mitgelieferten Einsätze1|Mit automatischem Rücklauftrue|Zykluszeit-|Presskraft-","EC000168","","","","",""
"EK120UNVCFB","EK120UNVCFB","4012078883580","Ausführung/Betätigungakku-hydraulisch|Anwendung Pressentrue|Anwendung Schneidentrue|Anwendung Lochentrue|Max. Arbeitsdruck630bar|Presskraft111kN","","","'https://www.nexmart.com/media/catalog/ampshare/klauke/ek120unvcfb_jpg/detail.jpg/normal.jpg","","","","11.8","","",1,"Ausführung/Betätigungakku-hydraulisch|Anwendung Pressentrue|Anwendung Schneidentrue|Anwendung Lochentrue|Max. Arbeitsdruck630|Presskraft111","EC001186","","","","",""
"EK135FTCFB","EK135FTCFB","4012078883740","Geeignet fürKabelschuhe und Verbinder|Pressformuniversal (Wechseleinsätze)|Querschnitt10mm²|AWG-Bereich10|Länge483mm|Mit Sperrvorrichtung (bei mechanischen Werkzeugen)false|Ausführung/Betätigungakku-hydraulisch|Einsätze auswechselbartrue|Anzahl der mitgelieferten Einsätze1|Mit automatischem Rücklauftrue|Zykluszeit-s|Presskraft-kN","","","'https://www.nexmart.com/media/catalog/ampshare/klauke/ek135ftcfb_jpg/detail.jpg/normal.jpg","","","","11.8","","",1,"Geeignet fürKabelschuhe und Verbinder|Pressformuniversal (Wechseleinsätze)|Querschnitt10|AWG-Bereich10|Länge483|Mit Sperrvorrichtung (bei mechanischen Werkzeugen)false|Ausführung/Betätigungakku-hydraulisch|Einsätze auswechselbartrue|Anzahl der mitgelieferten Einsätze1|Mit automatischem Rücklauftrue|Zykluszeit-|Presskraft-","EC000168","","","","",""
"EK354CFB","EK354CFB","4012078875059","Geeignet fürKabelschuhe und Verbinder|Pressformuniversal (Wechseleinsätze)|Querschnitt6mm²|AWG-Bereich6|Länge360mm|Mit Sperrvorrichtung (bei mechanischen Werkzeugen)false|Ausführung/Betätigungakku-hydraulisch|Einsätze auswechselbartrue|Anzahl der mitgelieferten Einsätze1|Mit automatischem Rücklauftrue|Zykluszeit-s|Presskraft-kN","","","'https://www.nexmart.com/media/catalog/ampshare/klauke/ek354cfb_jpg/detail.jpg/normal.jpg","","","","5.06","","",1,"Geeignet fürKabelschuhe und Verbinder|Pressformuniversal (Wechseleinsätze)|Querschnitt6|AWG-Bereich6|Länge360|Mit Sperrvorrichtung (bei mechanischen Werkzeugen)false|Ausführung/Betätigungakku-hydraulisch|Einsätze auswechselbartrue|Anzahl der mitgelieferten Einsätze1|Mit automatischem Rücklauftrue|Zykluszeit-|Presskraft-","EC000168","","","","",""
"EK6022CFB","EK6022CFB","4012078882156","Geeignet fürKabelschuhe und Verbinder|Pressformuniversal (Wechseleinsätze)|Querschnitt6mm²|AWG-Bereich6|Länge339mm|Mit Sperrvorrichtung (bei mechanischen Werkzeugen)false|Ausführung/Betätigungakku-hydraulisch|Einsätze auswechselbartrue|Anzahl der mitgelieferten Einsätze1|Mit automatischem Rücklauftrue|Zykluszeit-s|Presskraft-kN","","","'https://www.nexmart.com/media/catalog/ampshare/klauke/ek6022cfb_jpg/detail.jpg/normal.jpg","","","","8.9","","",1,"Geeignet fürKabelschuhe und Verbinder|Pressformuniversal (Wechseleinsätze)|Querschnitt6|AWG-Bereich6|Länge339|Mit Sperrvorrichtung (bei mechanischen Werkzeugen)false|Ausführung/Betätigungakku-hydraulisch|Einsätze auswechselbartrue|Anzahl der mitgelieferten Einsätze1|Mit automatischem Rücklauftrue|Zykluszeit-|Presskraft-","EC000168","","","","",""
"EK60UNVCFB","EK60UNVCFB","4012078883979","Ausführung/Betätigungakku-hydraulisch|Anwendung Pressentrue|Anwendung Schneidentrue|Anwendung Lochentrue|Max. Arbeitsdruck630bar|Presskraft63kN","","","'https://www.nexmart.com/media/catalog/ampshare/klauke/ek60unvcfb_jpg/detail.jpg/normal.jpg","","","","11.2","","",1,"Ausführung/Betätigungakku-hydraulisch|Anwendung Pressentrue|Anwendung Schneidentrue|Anwendung Lochentrue|Max. Arbeitsdruck630|Presskraft63","EC001186","","","","",""
"EK60VPCFB","EK60VPCFB","4012078885065","Geeignet fürKabelschuhe und Verbinder|PressformVierdornpressung|Querschnitt10mm²|AWG-Bereich10|Länge378mm|Mit Sperrvorrichtung (bei mechanischen Werkzeugen)false|Ausführung/Betätigungakku-hydraulisch|Einsätze auswechselbarfalse|Anzahl der mitgelieferten Einsätze1|Mit automatischem Rücklauftrue|Zykluszeit-s|Presskraft-kN","","","'https://www.nexmart.com/media/catalog/ampshare/klauke/ek60vpcfb_jpg/detail.jpg/normal.jpg","","","","10.6","","",1,"Geeignet fürKabelschuhe und Verbinder|PressformVierdornpressung|Querschnitt10|AWG-Bereich10|Länge378|Mit Sperrvorrichtung (bei mechanischen Werkzeugen)false|Ausführung/Betätigungakku-hydraulisch|Einsätze auswechselbarfalse|Anzahl der mitgelieferten Einsätze1|Mit automatischem Rücklauftrue|Zykluszeit-|Presskraft-","EC000168","","","","",""
"EK60VPFTCFB","EK60VPFTCFB","4012078884921","Geeignet fürKabelschuhe und Verbinder|PressformVierdornpressung|Querschnitt16mm²|AWG-Bereich16|Länge393mm|Mit Sperrvorrichtung (bei mechanischen Werkzeugen)false|Ausführung/Betätigungakku-hydraulisch|Einsätze auswechselbarfalse|Anzahl der mitgelieferten Einsätze1|Mit automatischem Rücklauftrue|Zykluszeit-s|Presskraft-kN","","","'https://www.nexmart.com/media/catalog/ampshare/klauke/ek60vpftcfb_jpg/detail.jpg/normal.jpg","","","","10.6","","",1,"Geeignet fürKabelschuhe und Verbinder|PressformVierdornpressung|Querschnitt16|AWG-Bereich16|Länge393|Mit Sperrvorrichtung (bei mechanischen Werkzeugen)false|Ausführung/Betätigungakku-hydraulisch|Einsätze auswechselbarfalse|Anzahl der mitgelieferten Einsätze1|Mit automatischem Rücklauftrue|Zykluszeit-|Presskraft-","EC000168","","","","",""
"EKM6022CFB","EKM6022CFB","4012078876308","Geeignet fürverschiedene Anwendungen|Pressformuniversal (Wechseleinsätze)|Querschnitt6mm²|AWG-Bereich6|Länge404mm|Mit Sperrvorrichtung (bei mechanischen Werkzeugen)false|Ausführung/Betätigungakku-hydraulisch|Einsätze auswechselbartrue|Anzahl der mitgelieferten Einsätze0|Mit automatischem Rücklauftrue|Zykluszeit-s|Presskraft-kN","","","'https://www.nexmart.com/media/catalog/ampshare/klauke/ekm6022cfb_jpg/detail.jpg/normal.jpg","","","","6.34","","",1,"Geeignet fürverschiedene Anwendungen|Pressformuniversal (Wechseleinsätze)|Querschnitt6|AWG-Bereich6|Länge404|Mit Sperrvorrichtung (bei mechanischen Werkzeugen)false|Ausführung/Betätigungakku-hydraulisch|Einsätze auswechselbartrue|Anzahl der mitgelieferten Einsätze0|Mit automatischem Rücklauftrue|Zykluszeit-|Presskraft-","EC000168","","","","",""
"EKM60IDCFB","EKM60IDCFB","4012078882446","Geeignet fürverschiedene Anwendungen|Pressformsonstige|Querschnitt10mm²|AWG-Bereich10|Länge429mm|Mit Sperrvorrichtung (bei mechanischen Werkzeugen)false|Ausführung/Betätigungakku-hydraulisch|Einsätze auswechselbarfalse|Anzahl der mitgelieferten Einsätze1|Mit automatischem Rücklauftrue|Zykluszeit-s|Presskraft-kN","","","'https://www.nexmart.com/media/catalog/ampshare/klauke/ekm60idcfb_jpg/detail.jpg/normal.jpg","","","","6.2","","",1,"Geeignet fürverschiedene Anwendungen|Pressformsonstige|Querschnitt10|AWG-Bereich10|Länge429|Mit Sperrvorrichtung (bei mechanischen Werkzeugen)false|Ausführung/Betätigungakku-hydraulisch|Einsätze auswechselbarfalse|Anzahl der mitgelieferten Einsätze1|Mit automatischem Rücklauftrue|Zykluszeit-|Presskraft-","EC000168","","","","",""
"EKM60UNVCFB","EKM60UNVCFB","4012078882774","Ausführung/Betätigungakku-hydraulisch|Anwendung Pressentrue|Anwendung Schneidentrue|Anwendung Lochentrue|Max. Arbeitsdruck630bar|Presskraft63kN","","","'https://www.nexmart.com/media/catalog/ampshare/klauke/ekm60unvcfb_jpg/detail.jpg/normal.jpg","","","","6.24","","",1,"Ausführung/Betätigungakku-hydraulisch|Anwendung Pressentrue|Anwendung Schneidentrue|Anwendung Lochentrue|Max. Arbeitsdruck630|Presskraft63","EC001186","","","","",""
"ES105CFB","ES105CFB","4012078887076","Ausführung/Betätigungakku-hydraulisch|Geeignet für max. Kabeldurchmesser105mm|Max. Kabelquerschnitt-mm²|Geeignet für mehrdrähtige Leitertrue|Geeignet für feindrähtige Leiterfalse|Geeignet für massive Leiterfalse|Geeignet für Stahldrahtumflechtungfalse|Gesamtlänge612mm|Schneidkopf auswechselbartrue|Schneidbacken auswechselbarfalse|Mit Abisolierfunktionfalse|Isoliertfalse|Schutzisoliert 1000 Vfalse|Griffausführung2-Komponenten|Mit Aufprallschutzfalse|VDE-geprüftfalse","","","'https://www.nexmart.com/media/catalog/ampshare/klauke/es105cfb_jpg/detail.jpg/normal.jpg","","","","22.8","","",1,"Ausführung/Betätigungakku-hydraulisch|Geeignet für max. Kabeldurchmesser105|Max. Kabelquerschnitt-|Geeignet für mehrdrähtige Leitertrue|Geeignet für feindrähtige Leiterfalse|Geeignet für massive Leiterfalse|Geeignet für Stahldrahtumflechtungfalse|Gesamtlänge612|Schneidkopf auswechselbartrue|Schneidbacken auswechselbarfalse|Mit Abisolierfunktionfalse|Isoliertfalse|Schutzisoliert 1000 Vfalse|Griffausführung2-Komponenten|Mit Aufprallschutzfalse|VDE-geprüftfalse","EC000142","","","","",""
"ES20CFB","ES20CFB","4012078878395","Ausführung/Betätigungakku-hydraulisch|Geeignet für max. Kabeldurchmesser20mm|Max. Kabelquerschnitt-mm²|Geeignet für mehrdrähtige Leiterfalse|Geeignet für feindrähtige Leiterfalse|Geeignet für massive Leiterfalse|Geeignet für Stahldrahtumflechtungfalse|Gesamtlänge378mm|Schneidkopf auswechselbartrue|Schneidbacken auswechselbarfalse|Mit Abisolierfunktionfalse|Isoliertfalse|Schutzisoliert 1000 Vfalse|Griffausführung2-Komponenten|Mit Aufprallschutzfalse|VDE-geprüftfalse","","","'https://www.nexmart.com/media/catalog/ampshare/klauke/es20cfb_jpg/detail.jpg/normal.jpg","","","","5.4","","",1,"Ausführung/Betätigungakku-hydraulisch|Geeignet für max. Kabeldurchmesser20|Max. Kabelquerschnitt-|Geeignet für mehrdrähtige Leiterfalse|Geeignet für feindrähtige Leiterfalse|Geeignet für massive Leiterfalse|Geeignet für Stahldrahtumflechtungfalse|Gesamtlänge378|Schneidkopf auswechselbartrue|Schneidbacken auswechselbarfalse|Mit Abisolierfunktionfalse|Isoliertfalse|Schutzisoliert 1000 Vfalse|Griffausführung2-Komponenten|Mit Aufprallschutzfalse|VDE-geprüftfalse","EC000142","","","","",""
"ES20RMCCFB","ES20RMCCFB","4012078905602","Ausführung/Betätigungakku-hydraulisch|Geeignet für max. Kabeldurchmesser18mm|Max. Kabelquerschnitt-mm²|Geeignet für mehrdrähtige Leitertrue|Geeignet für feindrähtige Leiterfalse|Geeignet für massive Leitertrue|Geeignet für Stahldrahtumflechtungtrue|Gesamtlänge-mm|Schneidkopf auswechselbarfalse|Schneidbacken auswechselbarfalse|Mit Abisolierfunktionfalse|Isoliertfalse|Schutzisoliert 1000 Vfalse|Griffausführung2-Komponenten|Mit Aufprallschutzfalse|VDE-geprüftfalse","","","'https://www.nexmart.com/media/catalog/ampshare/klauke/es20rmccfb_jpg/detail.jpg/normal.jpg","","","","5.46","","",1,"Ausführung/Betätigungakku-hydraulisch|Geeignet für max. Kabeldurchmesser18|Max. Kabelquerschnitt-|Geeignet für mehrdrähtige Leitertrue|Geeignet für feindrähtige Leiterfalse|Geeignet für massive Leitertrue|Geeignet für Stahldrahtumflechtungtrue|Gesamtlänge-|Schneidkopf auswechselbarfalse|Schneidbacken auswechselbarfalse|Mit Abisolierfunktionfalse|Isoliertfalse|Schutzisoliert 1000 Vfalse|Griffausführung2-Komponenten|Mit Aufprallschutzfalse|VDE-geprüftfalse","EC000142","","","","",""
"ES32CFB","ES32CFB","4012078883450","Ausführung/Betätigungakku-hydraulisch|Geeignet für max. Kabeldurchmesser32mm|Max. Kabelquerschnitt-mm²|Geeignet für mehrdrähtige Leitertrue|Geeignet für feindrähtige Leiterfalse|Geeignet für massive Leiterfalse|Geeignet für Stahldrahtumflechtungfalse|Gesamtlänge402mm|Schneidkopf auswechselbartrue|Schneidbacken auswechselbarfalse|Mit Abisolierfunktionfalse|Isoliertfalse|Schutzisoliert 1000 Vfalse|Griffausführung1-Komponenten|Mit Aufprallschutzfalse|VDE-geprüftfalse","","","'https://www.nexmart.com/media/catalog/ampshare/klauke/es32cfb_jpg/detail.jpg/normal.jpg","","","","5.24","","",1,"Ausführung/Betätigungakku-hydraulisch|Geeignet für max. Kabeldurchmesser32|Max. Kabelquerschnitt-|Geeignet für mehrdrähtige Leitertrue|Geeignet für feindrähtige Leiterfalse|Geeignet für massive Leiterfalse|Geeignet für Stahldrahtumflechtungfalse|Gesamtlänge402|Schneidkopf auswechselbartrue|Schneidbacken auswechselbarfalse|Mit Abisolierfunktionfalse|Isoliertfalse|Schutzisoliert 1000 Vfalse|Griffausführung1-Komponenten|Mit Aufprallschutzfalse|VDE-geprüftfalse","EC000142","","","","",""
"ES32FCFB","ES32FCFB","4012078883467","Ausführung/Betätigungakku-hydraulisch|Geeignet für max. Kabeldurchmesser32mm|Max. Kabelquerschnitt-mm²|Geeignet für mehrdrähtige Leiterfalse|Geeignet für feindrähtige Leitertrue|Geeignet für massive Leiterfalse|Geeignet für Stahldrahtumflechtungfalse|Gesamtlänge401mm|Schneidkopf auswechselbartrue|Schneidbacken auswechselbarfalse|Mit Abisolierfunktionfalse|Isoliertfalse|Schutzisoliert 1000 Vfalse|Griffausführung1-Komponenten|Mit Aufprallschutzfalse|VDE-geprüftfalse","","","'https://www.nexmart.com/media/catalog/ampshare/klauke/es32fcfb_jpg/detail.jpg/normal.jpg","","","","5.24","","",1,"Ausführung/Betätigungakku-hydraulisch|Geeignet für max. Kabeldurchmesser32|Max. Kabelquerschnitt-|Geeignet für mehrdrähtige Leiterfalse|Geeignet für feindrähtige Leitertrue|Geeignet für massive Leiterfalse|Geeignet für Stahldrahtumflechtungfalse|Gesamtlänge401|Schneidkopf auswechselbartrue|Schneidbacken auswechselbarfalse|Mit Abisolierfunktionfalse|Isoliertfalse|Schutzisoliert 1000 Vfalse|Griffausführung1-Komponenten|Mit Aufprallschutzfalse|VDE-geprüftfalse","EC000142","","","","",""
"ES32RMCCFB","ES32RMCCFB","4012078927710","Ausführung/Betätigungakku-hydraulisch|Geeignet für max. Kabeldurchmesser32mm|Max. Kabelquerschnitt-mm²|Geeignet für mehrdrähtige Leitertrue|Geeignet für feindrähtige Leiterfalse|Geeignet für massive Leitertrue|Geeignet für Stahldrahtumflechtungfalse|Gesamtlänge-mm|Schneidkopf auswechselbarfalse|Schneidbacken auswechselbarfalse|Mit Abisolierfunktionfalse|Isoliertfalse|Schutzisoliert 1000 Vfalse|Griffausführung2-Komponenten|Mit Aufprallschutzfalse|VDE-geprüftfalse","","","'https://www.nexmart.com/media/catalog/ampshare/klauke/es32rmccfb_jpg/detail.jpg/normal.jpg","","","","5.46","","",1,"Ausführung/Betätigungakku-hydraulisch|Geeignet für max. Kabeldurchmesser32|Max. Kabelquerschnitt-|Geeignet für mehrdrähtige Leitertrue|Geeignet für feindrähtige Leiterfalse|Geeignet für massive Leitertrue|Geeignet für Stahldrahtumflechtungfalse|Gesamtlänge-|Schneidkopf auswechselbarfalse|Schneidbacken auswechselbarfalse|Mit Abisolierfunktionfalse|Isoliertfalse|Schutzisoliert 1000 Vfalse|Griffausführung2-Komponenten|Mit Aufprallschutzfalse|VDE-geprüftfalse","EC000142","","","","",""
"ES65CFB","ES65CFB","4012078884525","Ausführung/Betätigungakku-hydraulisch|Geeignet für max. Kabeldurchmesser65mm|Max. Kabelquerschnitt-mm²|Geeignet für mehrdrähtige Leitertrue|Geeignet für feindrähtige Leiterfalse|Geeignet für massive Leiterfalse|Geeignet für Stahldrahtumflechtungtrue|Gesamtlänge490mm|Schneidkopf auswechselbarfalse|Schneidbacken auswechselbarfalse|Mit Abisolierfunktionfalse|Isoliertfalse|Schutzisoliert 1000 Vfalse|Griffausführung2-Komponenten|Mit Aufprallschutzfalse|VDE-geprüftfalse","","","'https://www.nexmart.com/media/catalog/ampshare/klauke/es65cfb_jpg/detail.jpg/normal.jpg","","","","10.8","","",1,"Ausführung/Betätigungakku-hydraulisch|Geeignet für max. Kabeldurchmesser65|Max. Kabelquerschnitt-|Geeignet für mehrdrähtige Leitertrue|Geeignet für feindrähtige Leiterfalse|Geeignet für massive Leiterfalse|Geeignet für Stahldrahtumflechtungtrue|Gesamtlänge490|Schneidkopf auswechselbarfalse|Schneidbacken auswechselbarfalse|Mit Abisolierfunktionfalse|Isoliertfalse|Schutzisoliert 1000 Vfalse|Griffausführung2-Komponenten|Mit Aufprallschutzfalse|VDE-geprüftfalse","EC000142","","","","",""
"ES85CFB","ES85CFB","4012078885447","Ausführung/Betätigungakku-hydraulisch|Geeignet für max. Kabeldurchmesser85mm|Max. Kabelquerschnitt-mm²|Geeignet für mehrdrähtige Leitertrue|Geeignet für feindrähtige Leiterfalse|Geeignet für massive Leiterfalse|Geeignet für Stahldrahtumflechtungtrue|Gesamtlänge536mm|Schneidkopf auswechselbartrue|Schneidbacken auswechselbarfalse|Mit Abisolierfunktionfalse|Isoliertfalse|Schutzisoliert 1000 Vfalse|Griffausführung2-Komponenten|Mit Aufprallschutzfalse|VDE-geprüftfalse","","","'https://www.nexmart.com/media/catalog/ampshare/klauke/es85cfb_jpg/detail.jpg/normal.jpg","","","","11.6","","",1,"Ausführung/Betätigungakku-hydraulisch|Geeignet für max. Kabeldurchmesser85|Max. Kabelquerschnitt-|Geeignet für mehrdrähtige Leitertrue|Geeignet für feindrähtige Leiterfalse|Geeignet für massive Leiterfalse|Geeignet für Stahldrahtumflechtungtrue|Gesamtlänge536|Schneidkopf auswechselbartrue|Schneidbacken auswechselbarfalse|Mit Abisolierfunktionfalse|Isoliertfalse|Schutzisoliert 1000 Vfalse|Griffausführung2-Komponenten|Mit Aufprallschutzfalse|VDE-geprüftfalse","EC000142","","","","",""
"ESG105CFB","ESG105CFB","4012078884266","Ausführung/Betätigungakku-hydraulisch|Geeignet für max. Kabeldurchmesser105mm|Max. Kabelquerschnitt-mm²|Geeignet für mehrdrähtige Leitertrue|Geeignet für feindrähtige Leitertrue|Geeignet für massive Leitertrue|Geeignet für Stahldrahtumflechtungtrue|Gesamtlänge620mm|Schneidkopf auswechselbartrue|Schneidbacken auswechselbarfalse|Mit Abisolierfunktionfalse|Isoliertfalse|Schutzisoliert 1000 Vfalse|Griffausführung2-Komponenten|Mit Aufprallschutzfalse|VDE-geprüftfalse","","","'https://www.nexmart.com/media/catalog/ampshare/klauke/esg105cfb_jpg/detail.jpg/normal.jpg","","","","20.0","","",1,"Ausführung/Betätigungakku-hydraulisch|Geeignet für max. Kabeldurchmesser105|Max. Kabelquerschnitt-|Geeignet für mehrdrähtige Leitertrue|Geeignet für feindrähtige Leitertrue|Geeignet für massive Leitertrue|Geeignet für Stahldrahtumflechtungtrue|Gesamtlänge620|Schneidkopf auswechselbartrue|Schneidbacken auswechselbarfalse|Mit Abisolierfunktionfalse|Isoliertfalse|Schutzisoliert 1000 Vfalse|Griffausführung2-Komponenten|Mit Aufprallschutzfalse|VDE-geprüftfalse","EC000142","","","","",""
"ESG105RMCPCFB","ESG105RMCPCFB","4059577030725","Ausführung/Betätigungakku-hydraulisch|Geeignet für max. Kabeldurchmesser105mm|Max. Kabelquerschnitt8660mm²|Geeignet für mehrdrähtige Leitertrue|Geeignet für feindrähtige Leiterfalse|Geeignet für massive Leitertrue|Geeignet für Stahldrahtumflechtungfalse|Gesamtlänge620mm|Schneidkopf auswechselbarfalse|Schneidbacken auswechselbartrue|Mit Abisolierfunktionfalse|Isoliertfalse|Schutzisoliert 1000 Vfalse|Griffausführung2-Komponenten|Mit Aufprallschutzfalse|VDE-geprüftfalse","","","'","","","","17.3","","",1,"Ausführung/Betätigungakku-hydraulisch|Geeignet für max. Kabeldurchmesser105|Max. Kabelquerschnitt8660|Geeignet für mehrdrähtige Leitertrue|Geeignet für feindrähtige Leiterfalse|Geeignet für massive Leitertrue|Geeignet für Stahldrahtumflechtungfalse|Gesamtlänge620|Schneidkopf auswechselbarfalse|Schneidbacken auswechselbartrue|Mit Abisolierfunktionfalse|Isoliertfalse|Schutzisoliert 1000 Vfalse|Griffausführung2-Komponenten|Mit Aufprallschutzfalse|VDE-geprüftfalse","EC000142","","","","",""
"ESG25CFB","ESG25CFB","4012078878456","Ausführung/Betätigungakku-hydraulisch|Geeignet für max. Kabeldurchmesser25mm|Max. Kabelquerschnitt-mm²|Geeignet für mehrdrähtige Leitertrue|Geeignet für feindrähtige Leitertrue|Geeignet für massive Leitertrue|Geeignet für Stahldrahtumflechtungtrue|Gesamtlänge422mm|Schneidkopf auswechselbarfalse|Schneidbacken auswechselbarfalse|Mit Abisolierfunktionfalse|Isoliertfalse|Schutzisoliert 1000 Vfalse|Griffausführung2-Komponenten|Mit Aufprallschutzfalse|VDE-geprüftfalse","","","'https://www.nexmart.com/media/catalog/ampshare/klauke/esg25cfb_jpg/detail.jpg/normal.jpg","","","","5.6","","",1,"Ausführung/Betätigungakku-hydraulisch|Geeignet für max. Kabeldurchmesser25|Max. Kabelquerschnitt-|Geeignet für mehrdrähtige Leitertrue|Geeignet für feindrähtige Leitertrue|Geeignet für massive Leitertrue|Geeignet für Stahldrahtumflechtungtrue|Gesamtlänge422|Schneidkopf auswechselbarfalse|Schneidbacken auswechselbarfalse|Mit Abisolierfunktionfalse|Isoliertfalse|Schutzisoliert 1000 Vfalse|Griffausführung2-Komponenten|Mit Aufprallschutzfalse|VDE-geprüftfalse","EC000142","","","","",""
"ESG45CFB","ESG45CFB","4012078887083","Ausführung/Betätigungakku-hydraulisch|Geeignet für max. Kabeldurchmesser45mm|Max. Kabelquerschnitt-mm²|Geeignet für mehrdrähtige Leitertrue|Geeignet für feindrähtige Leitertrue|Geeignet für massive Leitertrue|Geeignet für Stahldrahtumflechtungtrue|Gesamtlänge412mm|Schneidkopf auswechselbartrue|Schneidbacken auswechselbarfalse|Mit Abisolierfunktionfalse|Isoliertfalse|Schutzisoliert 1000 Vfalse|Griffausführung2-Komponenten|Mit Aufprallschutzfalse|VDE-geprüftfalse","","","'https://www.nexmart.com/media/catalog/ampshare/klauke/esg45cfb_jpg/detail.jpg/normal.jpg","","","","11.2","","",1,"Ausführung/Betätigungakku-hydraulisch|Geeignet für max. Kabeldurchmesser45|Max. Kabelquerschnitt-|Geeignet für mehrdrähtige Leitertrue|Geeignet für feindrähtige Leitertrue|Geeignet für massive Leitertrue|Geeignet für Stahldrahtumflechtungtrue|Gesamtlänge412|Schneidkopf auswechselbartrue|Schneidbacken auswechselbarfalse|Mit Abisolierfunktionfalse|Isoliertfalse|Schutzisoliert 1000 Vfalse|Griffausführung2-Komponenten|Mit Aufprallschutzfalse|VDE-geprüftfalse","EC000142","","","","",""
"ESG55CFB","ESG55CFB","4012078878517","Ausführung/Betätigungakku-hydraulisch|Geeignet für max. Kabeldurchmesser55mm|Max. Kabelquerschnitt-mm²|Geeignet für mehrdrähtige Leitertrue|Geeignet für feindrähtige Leitertrue|Geeignet für massive Leitertrue|Geeignet für Stahldrahtumflechtungtrue|Gesamtlänge478mm|Schneidkopf auswechselbartrue|Schneidbacken auswechselbarfalse|Mit Abisolierfunktionfalse|Isoliertfalse|Schutzisoliert 1000 Vfalse|Griffausführung2-Komponenten|Mit Aufprallschutzfalse|VDE-geprüftfalse","","","'https://www.nexmart.com/media/catalog/ampshare/klauke/esg55cfb_jpg/detail.jpg/normal.jpg","","","","12.4","","",1,"Ausführung/Betätigungakku-hydraulisch|Geeignet für max. Kabeldurchmesser55|Max. Kabelquerschnitt-|Geeignet für mehrdrähtige Leitertrue|Geeignet für feindrähtige Leitertrue|Geeignet für massive Leitertrue|Geeignet für Stahldrahtumflechtungtrue|Gesamtlänge478|Schneidkopf auswechselbartrue|Schneidbacken auswechselbarfalse|Mit Abisolierfunktionfalse|Isoliertfalse|Schutzisoliert 1000 Vfalse|Griffausführung2-Komponenten|Mit Aufprallschutzfalse|VDE-geprüftfalse","EC000142","","","","",""
"ESG85CFB","ESG85CFB","4012078887106","Ausführung/Betätigungakku-hydraulisch|Geeignet für max. Kabeldurchmesser85mm|Max. Kabelquerschnitt-mm²|Geeignet für mehrdrähtige Leitertrue|Geeignet für feindrähtige Leitertrue|Geeignet für massive Leitertrue|Geeignet für Stahldrahtumflechtungtrue|Gesamtlänge535mm|Schneidkopf auswechselbartrue|Schneidbacken auswechselbarfalse|Mit Abisolierfunktionfalse|Isoliertfalse|Schutzisoliert 1000 Vfalse|Griffausführung2-Komponenten|Mit Aufprallschutzfalse|VDE-geprüftfalse","","","'https://www.nexmart.com/media/catalog/ampshare/klauke/esg85cfb_jpg/detail.jpg/normal.jpg","","","","10.9","","",1,"Ausführung/Betätigungakku-hydraulisch|Geeignet für max. Kabeldurchmesser85|Max. Kabelquerschnitt-|Geeignet für mehrdrähtige Leitertrue|Geeignet für feindrähtige Leitertrue|Geeignet für massive Leitertrue|Geeignet für Stahldrahtumflechtungtrue|Gesamtlänge535|Schneidkopf auswechselbartrue|Schneidbacken auswechselbarfalse|Mit Abisolierfunktionfalse|Isoliertfalse|Schutzisoliert 1000 Vfalse|Griffausführung2-Komponenten|Mit Aufprallschutzfalse|VDE-geprüftfalse","EC000142","","","","",""
"ESGM45CFB","ESGM45CFB","4012078881883","Ausführung/Betätigungakku-hydraulisch|Geeignet für max. Kabeldurchmesser45mm|Max. Kabelquerschnitt-mm²|Geeignet für mehrdrähtige Leiterfalse|Geeignet für feindrähtige Leiterfalse|Geeignet für massive Leiterfalse|Geeignet für Stahldrahtumflechtungfalse|Gesamtlänge497mm|Schneidkopf auswechselbartrue|Schneidbacken auswechselbarfalse|Mit Abisolierfunktionfalse|Isoliertfalse|Schutzisoliert 1000 Vfalse|Griffausführung2-Komponenten|Mit Aufprallschutzfalse|VDE-geprüftfalse","","","'https://www.nexmart.com/media/catalog/ampshare/klauke/esgm45cfb_jpg/detail.jpg/normal.jpg","","","","8.7","","",1,"Ausführung/Betätigungakku-hydraulisch|Geeignet für max. Kabeldurchmesser45|Max. Kabelquerschnitt-|Geeignet für mehrdrähtige Leiterfalse|Geeignet für feindrähtige Leiterfalse|Geeignet für massive Leiterfalse|Geeignet für Stahldrahtumflechtungfalse|Gesamtlänge497|Schneidkopf auswechselbartrue|Schneidbacken auswechselbarfalse|Mit Abisolierfunktionfalse|Isoliertfalse|Schutzisoliert 1000 Vfalse|Griffausführung2-Komponenten|Mit Aufprallschutzfalse|VDE-geprüftfalse","EC000142","","","","",""
"ESM25CFB","ESM25CFB","4012078958738","Ausführung/Betätigungakku-hydraulisch|Geeignet für max. Kabeldurchmesser25mm|Max. Kabelquerschnitt-mm²|Geeignet für mehrdrähtige Leitertrue|Geeignet für feindrähtige Leiterfalse|Geeignet für massive Leitertrue|Geeignet für Stahldrahtumflechtungtrue|Gesamtlänge449mm|Schneidkopf auswechselbarfalse|Schneidbacken auswechselbartrue|Mit Abisolierfunktionfalse|Isoliertfalse|Schutzisoliert 1000 Vfalse|Griffausführung2-Komponenten|Mit Aufprallschutzfalse|VDE-geprüftfalse","","","'https://www.nexmart.com/media/catalog/ampshare/klauke/esm25cfb_jpg/detail.jpg/normal.jpg","","","","5.6","","",1,"Ausführung/Betätigungakku-hydraulisch|Geeignet für max. Kabeldurchmesser25|Max. Kabelquerschnitt-|Geeignet für mehrdrähtige Leitertrue|Geeignet für feindrähtige Leiterfalse|Geeignet für massive Leitertrue|Geeignet für Stahldrahtumflechtungtrue|Gesamtlänge449|Schneidkopf auswechselbarfalse|Schneidbacken auswechselbartrue|Mit Abisolierfunktionfalse|Isoliertfalse|Schutzisoliert 1000 Vfalse|Griffausführung2-Komponenten|Mit Aufprallschutzfalse|VDE-geprüftfalse","EC000142","","","","",""
"ESM25ISB","ESM25ISB","4012078995825","Ausführung/Betätigungakku-hydraulisch|Geeignet für max. Kabeldurchmesser25mm|Max. Kabelquerschnitt490mm²|Geeignet für mehrdrähtige Leiterfalse|Geeignet für feindrähtige Leiterfalse|Geeignet für massive Leitertrue|Geeignet für Stahldrahtumflechtungtrue|Gesamtlänge477mm|Schneidkopf auswechselbartrue|Schneidbacken auswechselbarfalse|Mit Abisolierfunktionfalse|Isolierttrue|Schutzisoliert 1000 Vtrue|Griffausführung2-Komponenten|Mit Aufprallschutzfalse|VDE-geprüfttrue","","","'https://www.nexmart.com/media/catalog/ampshare/klauke/esm25cfm_jpg/detail.jpg/normal.jpg","","","","7.8","","",1,"Ausführung/Betätigungakku-hydraulisch|Geeignet für max. Kabeldurchmesser25|Max. Kabelquerschnitt490|Geeignet für mehrdrähtige Leiterfalse|Geeignet für feindrähtige Leiterfalse|Geeignet für massive Leitertrue|Geeignet für Stahldrahtumflechtungtrue|Gesamtlänge477|Schneidkopf auswechselbartrue|Schneidbacken auswechselbarfalse|Mit Abisolierfunktionfalse|Isolierttrue|Schutzisoliert 1000 Vtrue|Griffausführung2-Komponenten|Mit Aufprallschutzfalse|VDE-geprüfttrue","EC000142","","","","",""
"","320621000000-199-1","4016111708205","Werkzeug Gewicht ohne Akku1995g|Werkzeug Gewicht mit Akku2400g|Setzkraft24000N|Hub20mm","","","'https://www.nexmart.com/media/catalog/ampshare/rivdom-evng-2-ampshare-001.jpg/normal.jpg","","","","5.8","","",1,"","","","","","",""
"","321500000010-1-1","4016111714060","","","","'https://www.nexmart.com/media/catalog/ampshare/ampshare-starter-set-1.jpg/normal.jpg","","","","1.72","","",1,"","","","","","",""
"","321500000011-1-1","4016111714077","","","","'https://www.nexmart.com/media/catalog/ampshare/ampshare-starter-set-2.jpg/normal.jpg","","","","1.28","","",1,"","","","","","",""
"ESM35CFB","ESM35CFB","4012078899420","Ausführung/Betätigungakku-hydraulisch|Geeignet für max. Kabeldurchmesser35mm|Max. Kabelquerschnitt-mm²|Geeignet für mehrdrähtige Leitertrue|Geeignet für feindrähtige Leitertrue|Geeignet für massive Leitertrue|Geeignet für Stahldrahtumflechtungfalse|Gesamtlänge438mm|Schneidkopf auswechselbarfalse|Schneidbacken auswechselbarfalse|Mit Abisolierfunktionfalse|Isoliertfalse|Schutzisoliert 1000 Vfalse|Griffausführung2-Komponenten|Mit Aufprallschutzfalse|VDE-geprüftfalse","","","'https://www.nexmart.com/media/catalog/ampshare/klauke/esm35cfb_jpg/detail.jpg/normal.jpg","","","","5.8","","",1,"Ausführung/Betätigungakku-hydraulisch|Geeignet für max. Kabeldurchmesser35|Max. Kabelquerschnitt-|Geeignet für mehrdrähtige Leitertrue|Geeignet für feindrähtige Leitertrue|Geeignet für massive Leitertrue|Geeignet für Stahldrahtumflechtungfalse|Gesamtlänge438|Schneidkopf auswechselbarfalse|Schneidbacken auswechselbarfalse|Mit Abisolierfunktionfalse|Isoliertfalse|Schutzisoliert 1000 Vfalse|Griffausführung2-Komponenten|Mit Aufprallschutzfalse|VDE-geprüftfalse","EC000142","","","","",""
"ESM50CFB","ESM50CFB","4012078905541","Ausführung/Betätigungakku-hydraulisch|Geeignet für max. Kabeldurchmesser50mm|Max. Kabelquerschnitt50mm²|Geeignet für mehrdrähtige Leitertrue|Geeignet für feindrähtige Leitertrue|Geeignet für massive Leitertrue|Geeignet für Stahldrahtumflechtungfalse|Gesamtlänge509mm|Schneidkopf auswechselbarfalse|Schneidbacken auswechselbartrue|Mit Abisolierfunktionfalse|Isoliertfalse|Schutzisoliert 1000 Vfalse|Griffausführung2-Komponenten|Mit Aufprallschutzfalse|VDE-geprüftfalse","","","'https://www.nexmart.com/media/catalog/ampshare/klauke/esm50cfb_jpg/detail.jpg/normal.jpg","","","","7.5","","",1,"Ausführung/Betätigungakku-hydraulisch|Geeignet für max. Kabeldurchmesser50|Max. Kabelquerschnitt50|Geeignet für mehrdrähtige Leitertrue|Geeignet für feindrähtige Leitertrue|Geeignet für massive Leitertrue|Geeignet für Stahldrahtumflechtungfalse|Gesamtlänge509|Schneidkopf auswechselbarfalse|Schneidbacken auswechselbartrue|Mit Abisolierfunktionfalse|Isoliertfalse|Schutzisoliert 1000 Vfalse|Griffausführung2-Komponenten|Mit Aufprallschutzfalse|VDE-geprüftfalse","EC000142","","","","",""
"LBOXXEK354CFB","LBOXXEK354CFB","4012078922135","Geeignet fürKabelschuhe und Verbinder|Pressformuniversal (Wechseleinsätze)|Querschnitt6mm²|AWG-Bereich6|Länge360mm|Mit Sperrvorrichtung (bei mechanischen Werkzeugen)false|Ausführung/Betätigungakku-hydraulisch|Einsätze auswechselbartrue|Anzahl der mitgelieferten Einsätze1|Mit automatischem Rücklauftrue|Zykluszeit-s|Presskraft-kN","","","'","","","","5.31","","",1,"Geeignet fürKabelschuhe und Verbinder|Pressformuniversal (Wechseleinsätze)|Querschnitt6|AWG-Bereich6|Länge360|Mit Sperrvorrichtung (bei mechanischen Werkzeugen)false|Ausführung/Betätigungakku-hydraulisch|Einsätze auswechselbartrue|Anzahl der mitgelieferten Einsätze1|Mit automatischem Rücklauftrue|Zykluszeit-|Presskraft-","EC000168","","","","",""
"","321500000012-1-1","4016111714084","","","","'https://www.nexmart.com/media/catalog/ampshare/ampshare-starter-set-3.jpg/normal.jpg","","","","2.12","","",1,"","","","","","",""
"","321500000005-1-1","4016111703439","","","","'https://www.nexmart.com/media/catalog/ampshare/ladegeraet-gal-18v-40-ampshare.jpg/normal.jpg","","","","0.84","","",1,"","","","","","",""
"LBOXXEKM6022CFB","LBOXXEKM6022CFB","4012078922265","Geeignet fürverschiedene Anwendungen|Pressformuniversal (Wechseleinsätze)|Querschnitt6mm²|AWG-Bereich6|Länge404mm|Mit Sperrvorrichtung (bei mechanischen Werkzeugen)false|Ausführung/Betätigungakku-hydraulisch|Einsätze auswechselbartrue|Anzahl der mitgelieferten Einsätze1|Mit automatischem Rücklauftrue|Zykluszeit-s|Presskraft-kN","","","'https://www.nexmart.com/media/catalog/ampshare/klauke/lboxxekm6022cfb_jpg/detail.jpg/normal.jpg","","","","6.59","","",1,"Geeignet fürverschiedene Anwendungen|Pressformuniversal (Wechseleinsätze)|Querschnitt6|AWG-Bereich6|Länge404|Mit Sperrvorrichtung (bei mechanischen Werkzeugen)false|Ausführung/Betätigungakku-hydraulisch|Einsätze auswechselbartrue|Anzahl der mitgelieferten Einsätze1|Mit automatischem Rücklauftrue|Zykluszeit-|Presskraft-","EC000168","","","","",""
"LBOXXEKM60IDCFB","LBOXXEKM60IDCFB","4012078922340","Geeignet fürverschiedene Anwendungen|PressformDornpressung|Querschnitt10mm²|AWG-Bereich10|Länge429mm|Mit Sperrvorrichtung (bei mechanischen Werkzeugen)false|Ausführung/Betätigungakku-hydraulisch|Einsätze auswechselbarfalse|Anzahl der mitgelieferten Einsätze1|Mit automatischem Rücklauftrue|Zykluszeit-s|Presskraft-kN","","","'","","","","6.45","","",1,"Geeignet fürverschiedene Anwendungen|PressformDornpressung|Querschnitt10|AWG-Bereich10|Länge429|Mit Sperrvorrichtung (bei mechanischen Werkzeugen)false|Ausführung/Betätigungakku-hydraulisch|Einsätze auswechselbarfalse|Anzahl der mitgelieferten Einsätze1|Mit automatischem Rücklauftrue|Zykluszeit-|Presskraft-","EC000168","","","","",""
"LGLB1EU","LGLB1EU","4012078868778","Nennspannung18V|Ladespannung230V|AkkubeschaffenheitLithium-Ionen|Schnell-Ladegerättrue|Anzahl der USB-Ports0","","","'https://www.nexmart.com/media/catalog/ampshare/klauke/lglb1eu_jpg/detail.jpg/normal.jpg","","","","0.6","","",1,"Nennspannung18|Ladespannung230|AkkubeschaffenheitLithium-Ionen|Schnell-Ladegerättrue|Anzahl der USB-Ports0","EC001184","","","","",""
"LS100FLEXCFB","LS100FLEXCFB","4012078964517","Lochergrößen152.4mm|Lochergrößen PG48|Lochergrößen ISO63|Anzahl der Blechlocher0|Anzahl der Zugbolzen2|Zu bearbeitender Werkstoffsonstige|Mit Werkzeugtrue|Betätigungsart hydraulischtrue|Betätigungsart mechanischfalse|Spaltlocherfalse|Mit Koffer/Taschetrue","","","'","","","","6.05","","",1,"Lochergrößen152.4|Lochergrößen PG48|Lochergrößen ISO63|Anzahl der Blechlocher0|Anzahl der Zugbolzen2|Zu bearbeitender Werkstoffsonstige|Mit Werkzeugtrue|Betätigungsart hydraulischtrue|Betätigungsart mechanischfalse|Spaltlocherfalse|Mit Koffer/Taschetrue","EC002121","","","","",""
"LS50FLEXCFB","LS50FLEXCFB","4012078919838","Betätigungsartakku-hydraulisch|Stanzkraft60kN","","","'https://www.nexmart.com/media/catalog/ampshare/klauke/ls50flexcfb_jpg/detail.jpg/normal.jpg","","","","5.5","","",1,"Betätigungsartakku-hydraulisch|Stanzkraft60","EC001085","","","","",""
"RALB1EU","RALB1EU","4012078866903","Nennspannung18V|Kapazität2Ah|AusführungLithium-Ionen|Gewicht353g","","","'https://www.nexmart.com/media/catalog/ampshare/klauke/ralb1eu_jpg/detail.jpg/normal.jpg","","","","0.35","","",1,"Nennspannung18|Kapazität2|AusführungLithium-Ionen|Gewicht353","EC001199","","","","",""
"RALB2EU","RALB2EU","4012078866842","Nennspannung18V|Kapazität5Ah|AusführungLithium-Ionen|Gewicht635g","","","'https://www.nexmart.com/media/catalog/ampshare/klauke/ralb2eu_jpg/detail.jpg/normal.jpg","","","","0.64","","",1,"Nennspannung18|Kapazität5|AusführungLithium-Ionen|Gewicht635","EC001199","","","","",""
"RALB2US","RALB2US","4012078868662","Nennspannung18V|Kapazität5Ah|AusführungLithium-Ionen|Gewicht635g","","","'https://www.nexmart.com/media/catalog/ampshare/klauke/ralb2eu_jpg/detail.jpg/normal.jpg","","","","0.64","","",1,"Nennspannung18|Kapazität5|AusführungLithium-Ionen|Gewicht635","EC001199","","","","",""
"","178336","","Rahmenlänge237mm|Kapazität der Kartusche900mL|Mischungs­verhältnisse2:1|Druckkraft5kN|Spannung18V|Material des GriffsVerstärktes Nylon|Material des KartuschenhaltersStahl|StandardfarbeSchwarz/Rot","","","'https://www.nexmart.com/media/catalog/ampshare/b998m_20side.jpg/normal.jpg","0.287","0.178","0.416","3.5","","",1,"","","","","","",""
"","321500000024-1-1","4016111701169","","","","'https://www.nexmart.com/media/catalog/ampshare/bosch-gba-18v-2ah.jpg/normal.jpg","","","","0.44","","",1,"","","","","","",""
"","321500000025-1-1","4016111701176","","","","'https://www.nexmart.com/media/catalog/ampshare/bosch-procore-18v-4ah.jpg/normal.jpg","","","","0.64","","",1,"","","","","","",""
"","BEP4115/000","4260256870093","Fugenbreite inkl.Schnittfuge (stufenlos einstellbar)4,5 - 28mm|Schnitttiefe (stufenlos einstellbar)0-28mm|Gewicht (nur Maschine)3,6kg|Werkzeugdurchmesser115mm|Drehwinkel Motor (in beide Richtungen)90°|Akkubestückung18V 4,0Ah ProCORE Akkus","","","'https://www.nexmart.com/media/catalog/ampshare/ufs-18v-li.jpg/normal.jpg","213.0","300.0","400.0","8.7","","",1,"","","","","","",""
"","249006","5905963249006","IK-Stoßfestigkeitsgrad9|Nennleistung der Leuchte20W|Farbtemperatur4000K|Versorgungsspannung18V|Lichtstrom2300LM","","","'https://www.nexmart.com/media/catalog/ampshare/magnum-battery-xs.png/normal.png","0.215","0.124","0.212","0.47","","",1,"","","","","","",""
"","249228","5905963249228","IK-Stoßfestigkeitsgrad10|Nennleistung der Leuchte30W|Farbtemperatur4000K|Versorgungsspannung18V|Lichtstrom4050LM","","","'https://www.nexmart.com/media/catalog/ampshare/magnum-battery-m.png/normal.png","0.205","0.082","0.4","1.32","","",1,"","","","","","",""
"","249259","5905963249259","IK-Stoßfestigkeitsgrad10|Nennleistung der Leuchte70W|Farbtemperatur4000K|Versorgungsspannung18V|Lichtstrom9250LM","","","'https://www.nexmart.com/media/catalog/ampshare/magnum-battery-l.png/normal.png","0.3","0.084","0.478","2.05","","",1,"","","","","","",""
"","250248","5905963249248","IK-Stoßfestigkeitsgrad7|Nennleistung der Leuchte68W|Farbtemperatur4000K|Versorgungsspannung18V|Lichtstrom10285LM","","","'https://www.nexmart.com/media/catalog/ampshare/tower-lite-multibattery.png/normal.png","0.169","0.263","1.13","4.36","","",1,"","","","","","",""
"","1171630501","4007123674572","Lichtstrom6000Lumen|Farbtemperatur5000Kelvin|Leistungsaufnahme50Watt|Spannung18 VVolt|EingangsspannungsartGleichspannung (DC)|SchutzklasseIII|Schutzart (IP)IP55|SchlagfestigkeitIK08|StromversorgungAkku|Geeignet für AußenbereichJa","","","'https://www.nexmart.com/media/catalog/ampshare/4007123674572_1171630501_a001_normal.jpg/normal.jpg","16.3","27.6","27.6","2.28","","",1,"","","","","","",""
"","1171630802","4007123674589","Lichtstrom7900Lumen|Farbtemperatur5000Kelvin|Leistungsaufnahme82Watt|Spannung18 VVolt|EingangsspannungsartWechselspannung (AC)|SchutzklasseI|Schutzart (IP)IP55|SchlagfestigkeitIK08|StromversorgungHybrid|Geeignet für AußenbereichJa","","","'https://www.nexmart.com/media/catalog/ampshare/4007123674589_1171630802_a001_normal.jpg/normal.jpg","31.0","18.0","31.0","4.6","","",1,"","","","","","",""
"","1173140400","4007123676613","Lichtstrom4500Lumen|Farbtemperatur6500Kelvin|Leistungsaufnahme40Watt|Spannung18 VVolt|EingangsspannungsartGleichspannung (DC)|SchutzklasseIII|Schutzart (IP)IP65|SchlagfestigkeitIK08|StromversorgungAkku|Geeignet für AußenbereichJa","","","'https://www.nexmart.com/media/catalog/ampshare/4007123676613_1173140400_a001_normal.jpg/normal.jpg","23.5","24.5","15.5","2.1","","",1,"","","","","","",""
"","1173140600","4007123676620","Lichtstrom6200Lumen|Farbtemperatur6500Kelvin|Leistungsaufnahme61.6Watt|Spannung18 VVolt|EingangsspannungsartWechselspannung (AC)|SchutzklasseII|Schutzart (IP)IP65|SchlagfestigkeitIK08|StromversorgungHybrid|Geeignet für AußenbereichJa","","","'https://www.nexmart.com/media/catalog/ampshare/4007123676620_1173140600_a001_normal.jpg/normal.jpg","26.0","26.5","16.0","3.26","","",1,"","","","","","",""
"","1173143600","4007123680566","Lichtstrom6200Lumen|Farbtemperatur6500Kelvin|Leistungsaufnahme61.6Watt|Spannung18 VVolt|EingangsspannungsartWechselspannung (AC)|SchutzklasseII|Schutzart (IP)IP65|SchlagfestigkeitIK08|StromversorgungHybrid|Geeignet für AußenbereichJa","","","'https://www.nexmart.com/media/catalog/ampshare/4007123680566_1173143600_a001_normal.jpg/normal.jpg","26.0","26.5","16.0","3.26","","",1,"","","","","","",""
"","1173700001","4007123681341","Lichtstrom12500Lumen|Farbtemperatur6500Kelvin|Leistungsaufnahme100Watt|Spannung18 VVolt|EingangsspannungsartWechselspannung (AC)|SchutzklasseII|Schutzart (IP)IP55|SchlagfestigkeitIK08|StromversorgungHybrid|Geeignet für AußenbereichJa","","","'https://www.nexmart.com/media/catalog/ampshare/4007123681341_1173700001_a001_normal.jpg/normal.jpg","35.4","25.8","17.7","4.73","","",1,"","","","","","",""
"","1173700003","4007123681365","Lichtstrom12000Lumen|Farbtemperatur6500Kelvin|Leistungsaufnahme100Watt|Spannung18 VVolt|EingangsspannungsartWechselspannung (AC)|SchutzklasseII|Schutzart (IP)IP54|SchlagfestigkeitIK08|StromversorgungHybrid|Geeignet für AußenbereichJa","","","'https://www.nexmart.com/media/catalog/ampshare/4007123681365_1173700003_a001_normal.jpg/normal.jpg","28.0","37.8","28.6","4.98","","",1,"","","","","","",""
"","1173703003","4007123685257","Lichtstrom12000Lumen|Farbtemperatur6500Kelvin|Leistungsaufnahme100Watt|Spannung18 VVolt|EingangsspannungsartWechselspannung (AC)|SchutzklasseII|Schutzart (IP)IP54|SchlagfestigkeitIK08|StromversorgungHybrid|Geeignet für AußenbereichJa","","","'https://www.nexmart.com/media/catalog/ampshare/4007123685257_1173703003_a001_normal.jpg/normal.jpg","28.0","37.8","28.6","4.98","","",1,"","","","","","",""
"","1173730000","4007123681396","Lichtstrom2160Lumen|Farbtemperatur6500Kelvin|Leistungsaufnahme20Watt|Spannung18 VVolt|EingangsspannungsartGleichspannung (DC)|SchutzklasseIII|Schutzart (IP)IP54|SchlagfestigkeitIK08|StromversorgungAkku|Geeignet für AußenbereichJa","","","'https://www.nexmart.com/media/catalog/ampshare/4007123681396_1173730000_a001_normal.jpg/normal.jpg","22.5","19.5","21.4","1.43","","",1,"","","","","","",""
"","1173700004","4007123681389","Lichtstrom7700Lumen|Farbtemperatur6500Kelvin|Leistungsaufnahme60Watt|Spannung18 VVolt|EingangsspannungsartGleichspannung (DC)|SchutzklasseIII|Schutzart (IP)IP54|SchlagfestigkeitIK08|StromversorgungAkku|Geeignet für AußenbereichJa","","","'https://www.nexmart.com/media/catalog/ampshare/4007123681389_1173700004_a001_normal.jpg/normal.jpg","69.8","12.9","11.2","3.78","","",1,"","","","","","",""
"","1173700007","4007123681907","Lichtstrom3150Lumen|Farbtemperatur6500Kelvin|Leistungsaufnahme27Watt|Spannung18 VVolt|EingangsspannungsartGleichspannung (DC)|SchutzklasseIII|Schutzart (IP)IP65|SchlagfestigkeitIK08|StromversorgungAkku|Geeignet für AußenbereichJa","","","'https://www.nexmart.com/media/catalog/ampshare/4007123681907_1173700007_a001_normal.jpg/normal.jpg","28.5","22.7","16.9","2.28","","",1,"","","","","","",""
"","1173703001","4007123685240","Lichtstrom12500Lumen|Farbtemperatur6500Kelvin|Leistungsaufnahme100Watt|Spannung18 VVolt|EingangsspannungsartWechselspannung (AC)|SchutzklasseII|Schutzart (IP)IP55|SchlagfestigkeitIK08|StromversorgungHybrid|Geeignet für AußenbereichJa","","","'https://www.nexmart.com/media/catalog/ampshare/4007123685240_1173703001_a001_normal.jpg/normal.jpg","35.4","25.8","17.7","4.73","","",1,"","","","","","",""
"","2437240","4004025130038","Motorleistung370Watt|Betriebsdruck, max.0,2 / 0,02bar / Mpa|Behältervolumen1000ml|Gewicht (exkl. Akku)1.30000000000000kg|Gewicht (inkl. Akku)1.90000000000000kg","","","'https://www.nexmart.com/media/catalog/ampshare/2437240_fc4000-18v_product-shot_left.jpg/normal.jpg","0.39","0.36","0.45","10.0","","",1,"","","","","","",""
"","2437348","4004025130045","Motorleistung370Watt|Betriebsdruck, max.0,2 / 0,02bar / Mpa|Behältervolumen1000ml|Gewicht (exkl. Akku)1.30000000000000kg","","","'https://www.nexmart.com/media/catalog/ampshare/2437348_fc4000-18v-bare_product-shot_left.jpg/normal.jpg","0.29","0.16","0.38","5.0","","",1,"","","","","","",""
"","2453688","4004025130397","Motorleistung370Watt|Betriebsdruck, max.0,2 / 0,02bar / Mpa|Behältervolumen1000ml|Gewicht (exkl. Akku)1.30000000000000kg|Gewicht (inkl. Akku)1.90000000000000kg","","","'https://www.nexmart.com/media/catalog/ampshare/2453688_fc4000-18v_product-shot_left.jpg/normal.jpg","0.39","0.36","0.45","10.0","","",1,"","","","","","",""
"","2453687","4004025130380","Motorleistung370Watt|Betriebsdruck, max.0,2 / 0,02bar / Mpa|Behältervolumen1000ml|Gewicht (exkl. Akku)1.30000000000000kg","","","'https://www.nexmart.com/media/catalog/ampshare/2453687_fc4000-18v-bare_product-shot_left.jpg/normal.jpg","0.29","0.16","0.38","5.0","","",1,"","","","","","",""
"","2443233","4004025130069","Motorleistung370Watt|Betriebsdruck, max.0,2 / 0,02bar / Mpa|Behältervolumen1000ml|Gewicht (exkl. Akku)1.30000000000000kg|Gewicht (inkl. Akku)1.90000000000000kg","","","'https://www.nexmart.com/media/catalog/ampshare/2443233_flexspray-pro-18v_product-shot_left.jpg/normal.jpg","0.39","0.36","0.45","10.0","","",1,"","","","","","",""
"","2443232","4004025130052","Motorleistung370Watt|Betriebsdruck, max.0,2 / 0,02bar / Mpa|Behältervolumen1000ml|Gewicht (exkl. Akku)1.30000000000000kg","","","'https://www.nexmart.com/media/catalog/ampshare/2443232_flexspray-pro-18v-bare_product-shot_left.jpg/normal.jpg","0.29","0.16","0.38","5.0","","",1,"","","","","","",""
"","2640.778","","VerschlussartReibschweissen|Betriebsartvoll- / halbautomatisch / manuell","","","'https://www.nexmart.com/media/catalog/ampshare/signode/sig_bxt3-13_0095.png/normal.png","0.135","0.141","0.37","3.6","","",1,"","","","","","",""
"","2640.558","","VerschlussartReibschweissen|Betriebsartvoll- / halbautomatisch / manuell","","","'https://www.nexmart.com/media/catalog/ampshare/signode/sig_bxt3-16_0096.jpg/normal.jpg","0.135","0.141","0.37","3.8","","",1,"","","","","","",""
"","2640.668","","VerschlussartReibschweissen|Betriebsartvoll- / halbautomatisch / manuell","","","'https://www.nexmart.com/media/catalog/ampshare/signode/sig_bxt3-19_0096_web.png/normal.png","0.135","0.141","0.37","4.3","","",1,"","","","","","",""
"","2640.828","","VerschlussartReibschweissen|Betriebsartvoll- / halbautomatisch / manuell","","","'https://www.nexmart.com/media/catalog/ampshare/signode/sig_bxt3-32_sach.jpg/normal.jpg","0.158","0.157","0.416","6.7","","",1,"","","","","","",""
"","1179.228","","VerschlussartVerschlusskerbung 2-fach|Betriebsartvoll- / halbautomatisch / manuell","","","'https://www.nexmart.com/media/catalog/ampshare/signode/sig_bpt-h_32_signode_o-210701_studio-02_highres.png/normal.png","0.27","0.283","0.405","8.3","","",1,"","","","","","",""
"","1179.568","","VerschlussartVerschlusskerbung 1-fach|Betriebsartvoll- / halbautomatisch / manuell","","","'https://www.nexmart.com/media/catalog/ampshare/signode/bpt-l19_signode_o-211201_studio-01_highres.jpg/normal.jpg","0.14","0.15","0.39","4.5","","",1,"","","","","","",""
"","1179.868","","VerschlussartPlombenloser Kerbverschluss|Betriebsartvoll- / halbautomatisch / manuell","","","'https://www.nexmart.com/media/catalog/ampshare/signode/bst_signode_o-220901_studio-03_highres.png/normal.png","0.131","0.147","0.411","5.4","","",1,"","","","","","",""
"","2180.778","","VerschlussartReibschweissen|Betriebsartvoll- / halbautomatisch / manuell","","","'https://www.nexmart.com/media/catalog/ampshare/orgapack/org_or-t_130_0102.jpg/normal.jpg","0.135","0.141","0.37","3.6","","",1,"","","","","","",""
"","2180.558","","VerschlussartReibschweissen|Betriebsartvoll- / halbautomatisch / manuell","","","'https://www.nexmart.com/media/catalog/ampshare/orgapack/org_or-t_260_0103.png/normal.png","0.135","0.141","0.37","3.8","","",1,"","","","","","",""
"","2180.668","","VerschlussartReibschweissen|Betriebsartvoll- / halbautomatisch / manuell","","","'https://www.nexmart.com/media/catalog/ampshare/orgapack/org_or-t_450_0104.png/normal.png","0.135","0.141","0.37","4.3","","",1,"","","","","","",""
"","2180.828","","VerschlussartReibschweissen|Betriebsartvoll- / halbautomatisch / manuell","","","'https://www.nexmart.com/media/catalog/ampshare/orgapack/or-t_670_orgapack_o-231020_studio-01_highres.png/normal.png","0.158","0.157","0.416","6.7","","",1,"","","","","","",""
"","1179.468","","VerschlussartVerschlusskerbung 2-fach|Betriebsartvoll- / halbautomatisch / manuell","","","'https://www.nexmart.com/media/catalog/ampshare/orgapack/or-t_r19_orgapack_o-230730_studio-02_highres.png/normal.png","0.14","0.15","0.39","4.5","","",1,"","","","","","",""
"","1179.128","","VerschlussartVerschlusskerbung 1-fach|Betriebsartvoll- / halbautomatisch / manuell","","","'https://www.nexmart.com/media/catalog/ampshare/orgapack/or-t_r32_orgapack_o-230730_studio-01_highres.png/normal.png","0.27","0.283","0.405","8.3","","",1,"","","","","","",""
"","1179.768","","VerschlussartPlombenloser Kerbverschluss|Betriebsartvoll- / halbautomatisch / manuell","","","'https://www.nexmart.com/media/catalog/ampshare/orgapack/or-t_s19_orgapack_o-230730_studio-03_highres.png/normal.png","0.131","0.147","0.411","5.4","","",1,"","","","","","",""
"","366.771.001","","VerschlussartReibschweissen|Betriebsartvoll- / halbautomatisch / manuell","","","'https://www.nexmart.com/media/catalog/ampshare/strapex/stx_stb_71_0020.png/normal.png","0.135","0.141","0.37","3.6","","",1,"","","","","","",""
"","366.781.001","","VerschlussartReibschweissen|Betriebsartvoll- / halbautomatisch / manuell","","","'https://www.nexmart.com/media/catalog/ampshare/strapex/stx_stb_73_0015.png/normal.png","0.135","0.141","0.37","3.8","","",1,"","","","","","",""
"","366.791.001","","VerschlussartReibschweissen|Betriebsartvoll- / halbautomatisch / manuell","","","'https://www.nexmart.com/media/catalog/ampshare/strapex/stx_stb_75_0101.png/normal.png","0.135","0.141","0.37","4.3","","",1,"","","","","","",""
"","366.828.001","","VerschlussartReibschweissen|Betriebsartvoll- / halbautomatisch / manuell","","","'https://www.nexmart.com/media/catalog/ampshare/strapex/stb-77_sach.jpg/normal.jpg","0.158","0.157","0.416","6.7","","",1,"","","","","","",""
"","466.128.001","","VerschlussartVerschlusskerbung 2-fach|Betriebsartvoll- / halbautomatisch / manuell","","","'https://www.nexmart.com/media/catalog/ampshare/strapex/stb-ph_strapex_o-230730_studio-01_highres.png/normal.png","0.27","0.283","0.405","8.3","","",1,"","","","","","",""
"","466.268.001","","VerschlussartVerschlusskerbung 1-fach|Betriebsartvoll- / halbautomatisch / manuell","","","'https://www.nexmart.com/media/catalog/ampshare/strapex/stb-pl_strapex_o-230730_studio-02_highres.png/normal.png","0.14","0.15","0.39","4.5","","",1,"","","","","","",""
"","466.368.001","","VerschlussartPlombenloser Kerbverschluss|Betriebsartvoll- / halbautomatisch / manuell","","","'https://www.nexmart.com/media/catalog/ampshare/strapex/stb-sl_strapex_o-230730_studio-02_highres.png/normal.png","0.131","0.147","0.411","5.4","","",1,"","","","","","",""
"","3424008","4016553424008","Gewicht5.198kg|Länge250mm|Breite210mm|Tiefe80mm","","","'https://www.nexmart.com/media/catalog/ampshare/d7f952e4236afc03a202fc64913dc353_xl.jpg/normal.jpg","0.08","0.21","0.25","5198.0","","",1,"","","","","","",""
"","3424107","4016553424107","Gewicht4.198kg|Länge250mm|Breite210mm|Tiefe80mm","","","'https://www.nexmart.com/media/catalog/ampshare/0f4f3d9b01e664b52ec241da315f1972_xl.jpg/normal.jpg","0.08","0.21","0.25","4198.0","","",1,"","","","","","",""
"","3424206","4016553424206","Gewicht4.668kg|Länge250mm|Breite210mm|Tiefe80mm","","","'https://www.nexmart.com/media/catalog/ampshare/97c9669c01b9143a268bf27097877607_xl.jpg/normal.jpg","0.08","0.21","0.25","4668.0","","",1,"","","","","","",""
"","3424305","4016553424305","Gewicht5.478kg|Länge250mm|Breite210mm|Tiefe80mm","","","'https://www.nexmart.com/media/catalog/ampshare/0aa092ec2d4bbcf47bfbbc9bf74dc198_xl.jpg/normal.jpg","0.08","0.21","0.25","5478.0","","",1,"","","","","","",""
"","3424015","4016553424015","Gewicht6.072kg|Länge250mm|Breite210mm|Tiefe80mm","","","'https://www.nexmart.com/media/catalog/ampshare/73ea288207e8d120e20bc02dca78719e_xl.jpg/normal.jpg","0.08","0.21","0.25","6072.0","","",1,"","","","","","",""
"","3424114","4016553424114","Gewicht5.682kg|Länge250mm|Breite210mm|Tiefe80mm","","","'https://www.nexmart.com/media/catalog/ampshare/2b3e8441e8e4676b13d1597491e3f2ef_xl.jpg/normal.jpg","0.08","0.21","0.25","5682.0","","",1,"","","","","","",""
"","3424213","4016553424213","Gewicht5.542kg|Länge250mm|Breite210mm|Tiefe80mm","","","'https://www.nexmart.com/media/catalog/ampshare/e892a1b47238866896ddb8af293cfaee_xl.jpg/normal.jpg","0.08","0.21","0.25","5542.0","","",1,"","","","","","",""
"","3424312","4016553424312","Gewicht6.352kg|Länge250mm|Breite210mm|Tiefe80mm","","","'https://www.nexmart.com/media/catalog/ampshare/97682e7a1e3f8c89901359872d5bb48e_xl.jpg/normal.jpg","0.08","0.21","0.25","6352.0","","",1,"","","","","","",""
"","3424022","4016553424022","Gewicht6.326kg|Länge250mm|Breite210mm|Tiefe80mm","","","'https://www.nexmart.com/media/catalog/ampshare/6cd6bec50e9eebe449929cb4e0b61cd4_xl.jpg/normal.jpg","0.08","0.21","0.25","6326.0","","",1,"","","","","","",""
"","3424121","4016553424121","Gewicht5.936kg|Länge250mm|Breite210mm|Tiefe80mm","","","'https://www.nexmart.com/media/catalog/ampshare/c84bca2a562da7d1131a1d0c3f135dbe_xl.jpg/normal.jpg","0.08","0.21","0.25","5936.0","","",1,"","","","","","",""
"","3424220","4016553424220","Gewicht5.796kg|Länge250mm|Breite210mm|Tiefe80mm","","","'https://www.nexmart.com/media/catalog/ampshare/078c74cf160fb15a7af87ae280f35b97_xl.jpg/normal.jpg","0.08","0.21","0.25","5796.0","","",1,"","","","","","",""
"","3424329","4016553424329","Gewicht6.606kg|Länge250mm|Breite210mm|Tiefe80mm","","","'https://www.nexmart.com/media/catalog/ampshare/24da9ff4342a3a894f3094d672e8dd18_xl.jpg/normal.jpg","0.08","0.21","0.25","6606.0","","",1,"","","","","","",""
"","3424404","4016553424404","Gewicht5.648kg|Länge250mm|Breite210mm|Tiefe80mm","","","'https://www.nexmart.com/media/catalog/ampshare/3362406c24469d7e0bdd0b027f02a17a_xl.jpg/normal.jpg","0.08","0.21","0.25","5648.0","","",1,"","","","","","",""
"","3424411","4016553424411","Gewicht6.522kg|Länge250mm|Breite210mm|Tiefe80mm","","","'https://www.nexmart.com/media/catalog/ampshare/1768aa7ff54bcb093d92818ce4bdc18c_xl.jpg/normal.jpg","0.08","0.21","0.25","6522.0","","",1,"","","","","","",""
"","3424428","4016553424428","Gewicht6.776kg|Länge250mm|Breite210mm|Tiefe80mm","","","'https://www.nexmart.com/media/catalog/ampshare/f62a17f794a03b17a2684f0886667d26_xl.jpg/normal.jpg","0.08","0.21","0.25","6776.0","","",1,"","","","","","",""
"","RH4-18V","8719689465544","","","","'https://www.nexmart.com/media/catalog/ampshare/rh4-18v_1.png/normal.png","0.31","0.31","0.47","9.1","","",1,"","","","","","",""
"","OCT-18V","8719689465629","","","","'https://www.nexmart.com/media/catalog/ampshare/rocktagon_3022.png/normal.png","0.29","0.23","0.32","5.0","","",1,"","","","","","",""
"","85926","4007841085926","Temperatur150 – 550°C|Luftmenge200l/min|Temperatureinstellung9-stufig|Einstellung perDrehrad|TemperaturanzeigeStellrad mit beschrifteten Stufen|LuftstromregulierungStufenlos|Typ, Motor/ HeizelementBürstenmotor/ Keramikheizung|Lebensdauer, Motor/ Heizelement500/ 300Stunden|Thermosicherungja|Leistung1000Watt","","","'https://www.nexmart.com/media/catalog/ampshare/192828_akku-heissluftgeblaese_mobileheat_7_hero.jpg/normal.jpg","0.106","0.32","0.38","1661.0","","",1,"","","","","","",""
"","83-B1000-0006","4017506129759","","","","'https://www.nexmart.com/media/catalog/ampshare/83-b1000-0006.jpg/normal.jpg","0.104","0.272","0.283","1.6","","",1,"","","","","","",""
"","83-B1100-0006","4017506129766","","","","'https://www.nexmart.com/media/catalog/ampshare/83-b1100-0006.jpg/normal.jpg","0.104","0.272","0.283","2.2","","",1,"","","","","","",""
"","83-B1200-0006","4017506129773","","","","'https://www.nexmart.com/media/catalog/ampshare/83-b1200-0006.jpg/normal.jpg","0.104","0.272","0.283","2.8","","",1,"","","","","","",""
"","53311183","4060602138873","Bohrdurchmesser Metall max.13mm|Bohrdurchmesser Beton max.21mm|Bohrdurchmesser Holz max.30mm|WerkzeugaufnahmeSDS-plus|Akku-/Batterie-TechnologieLi-Ion|Akku-/Batteriespannung18V|Schallleistungspegel101dB(A)|Schalldruckpegel90dB(A)|K-Wert Vibration1.5m/s²|K-Wert Geräusch3dB(A)","","","'https://www.nexmart.com/media/catalog/ampshare/web_c4_zoom_1200_53311183_hb1_su.png/normal.png","0.22","0.08","0.325","2.4","","",1,"","","","","","",""
"","53311182","4060602138866","Leerlaufdrehzahl11000min-1|Akkuspannung18V|SchleifspindelgewindeM14|Bohrung, 22.2300000000000mm|Gewicht exkl. Akku1.6kg|Griffumfang156mm","","","'https://www.nexmart.com/media/catalog/ampshare/web_c4_zoom_1200_53311182_hb1_su.png/normal.png","0.116","0.224","0.293","1.6","","",1,"","","","","","",""
"","53311181","4060602138750","Drehmoment (weich / hart)21 / 55|Leerlaufdrehzahl (1. Gang / 2. Gang)0 - 480 / 0 - 1.800min-1|AkkutypLi-Ion|Bohrfutterspannbereich, min. / max.1,5 / 13mm|Akkuspannung18.0V|Gewicht exkl. Akku1.30000000000000kg|Drehmomentstufen20+1|Bohr- Holz, max.35mm|Bohr- Stahl, max.10mm","","","'https://www.nexmart.com/media/catalog/ampshare/web_c4_zoom_1200_53311181_hb1_su.png/normal.png","0.204","0.078","0.198","1.3","","",1,"","","","","","",""
"","5331118404","4060602216182","Spannung18.0V|ZellentypLi-Ion|Gewicht Akku0.619kg|Ladespannung14.4 - 18V|Ladestrom4.0A|Kapazität4.0Ah","","","'https://www.nexmart.com/media/catalog/ampshare/web_c4_zoom_1200_5331118404_hb1_su.png/normal.png","0.15","0.08","0.1","0.6","","",1,"","","","","","",""
"","167029","5021009997974","Rahmenlänge246mm|Druckkraft3.5kN|Spannung18V|Material des GriffsPC/ABS|Material des KartuschenhaltersEpoxidbeschichteter Stahl|Kapazität der Kartusche310mL|StandardfarbeSchwarz/Grau","","","'https://www.nexmart.com/media/catalog/ampshare/electraflow_20plus_20310_20cart_20side.jpg/normal.jpg","0.081","0.279","0.491","2.38","","",1,"","","","","","",""
"","186378","","Rohrlänge389mm|Druckkraft3.5kN|Spannung18V|Material des GriffsPC/ABS|RohrmaterialEloxiertes Aluminium|Kapazität der Kartusche310, 400mL|Fassungsvermögen der Beutel310, 400, 600mL|StandardfarbeSchwarz/Grau","","","'https://www.nexmart.com/media/catalog/ampshare/electraflow_20plus_20310_20combi_20side.jpg/normal.jpg","0.081","0.278","0.632","2.53","","",1,"","","","","","",""
"","181093","","Rohrlänge800mm|Durchmesser des Rohrs63mm|Druckkraft3.5Kn|Spannung18V|Material des GriffsPC/ABS|RohrmaterialEloxiertes Aluminium|Fassungsvermögen der Beutel1800mL","","","'https://www.nexmart.com/media/catalog/ampshare/electraflow_20plus_20floorfix_20300mm_20head_20side.jpg/normal.jpg","0.189","0.285","1128.0","3.856","","",1,"","","","","","",""
"","181866","","Rohrlänge800mm|Durchmesser des Rohrs63mm|Druckkraft3.5Kn|Spannung18V|Material des GriffsPC/ABS|RohrmaterialEloxiertes Aluminium|Fassungsvermögen der Beutel1800mL","","","'https://www.nexmart.com/media/catalog/ampshare/electraflow_20plus_20floorfix_20300mm_20head_20side.jpg/normal.jpg","0.189","0.285","1128.0","4.28","","",1,"","","","","","",""
"","181869","","Rohrlänge800mm|Durchmesser des Rohrs63mm|Druckkraft3.5Kn|Spannung18V|Material des GriffsPC/ABS|RohrmaterialEloxiertes Aluminium|Fassungsvermögen der Beutel1800mL","","","'https://www.nexmart.com/media/catalog/ampshare/electraflow_20plus_20floorfix_20300mm_20head_20side.jpg/normal.jpg","0.189","0.285","1128.0","4.28","","",1,"","","","","","",""
"","181094","","Rohrlänge850mm|Durchmesser des Rohrs90mm|Druckkraft3.5Kn|Spannung18V|Material des GriffsPC/ABS|RohrmaterialEloxiertes Aluminium","","","'https://www.nexmart.com/media/catalog/ampshare/electraflow_20plus_20floorfix_20300mm_20head_20side.jpg/normal.jpg","0.288","0.09","1106.0","4.5","","",1,"","","","","","",""
"","181870","","Rohrlänge850mm|Durchmesser des Rohrs90mm|Druckkraft3.5Kn|Spannung18V|Material des GriffsPC/ABS|RohrmaterialEloxiertes Aluminium","","","'https://www.nexmart.com/media/catalog/ampshare/electraflow_20plus_20floorfix_20300mm_20head_20side.jpg/normal.jpg","0.288","0.19","1106.0","3.856","","",1,"","","","","","",""
"","181872","","Rohrlänge850mm|Durchmesser des Rohrs90mm|Druckkraft3.5Kn|Spannung18V|Material des GriffsPC/ABS|RohrmaterialEloxiertes Aluminium","","","'https://www.nexmart.com/media/catalog/ampshare/electraflow_20plus_20floorfix_20300mm_20head_20side.jpg/normal.jpg","0.288","0.4","1106.0","4.5","","",1,"","","","","","",""
"","163287","","Rahmenlänge203mm|Kapazität der Kartusche400mL|Mischungs­verhältnisse1:1/2:1/4:1/10:1|Druckkraft5kN|Spannung18V|Material des GriffsPC/ABS|Material des KartuschenhaltersStahl/Aluminium|StandardfarbeSchwarz/Grau","","","'https://www.nexmart.com/media/catalog/ampshare/ek2400_20side_nocart.png/normal.png","0.114","0.283","0.477","3.5","","",1,"","","","","","",""
"","163289","","Rahmenlänge203mm|Kapazität der Kartusche400mL|Mischungs­verhältnisse1:1/2:1/4:1/10:1|Druckkraft5kN|Spannung18V|Material des GriffsPC/ABS|Material des KartuschenhaltersStahl/Aluminium|StandardfarbeSchwarz/Grau","","","'https://www.nexmart.com/media/catalog/ampshare/ek2400_20side_nocart.png/normal.png","0.114","0.283","0.477","3.8","","",1,"","","","","","",""
"","166733","","Rahmenlänge195mm|Kapazität der Kartusche600mL|Mischungs­verhältnisse1:1|Druckkraft5kN|Spannung18V|Material des GriffsPC/ABS|Material des KartuschenhaltersStahl/Aluminium|StandardfarbeSchwarz/Grau","","","'https://www.nexmart.com/media/catalog/ampshare/ef_20dual_20ultra_20600_201-1_side_nocart-web.png/normal.png","0.151","0.283","0.521","3.5","","",1,"","","","","","",""
"","166730","","Rahmenlänge195mm|Kapazität der Kartusche600mL|Mischungs­verhältnisse1:1|Druckkraft5kN|Spannung18V|Material des GriffsPC/ABS|Material des KartuschenhaltersStahl/Aluminium|StandardfarbeSchwarz/Grau","","","'https://www.nexmart.com/media/catalog/ampshare/ef_20dual_20ultra_20600_201-1_side_nocart-web.png/normal.png","0.151","0.283","0.521","3.8","","",1,"","","","","","",""
"","185861","","Rahmenlänge207mm|Kapazität der Kartusche600mL|Mischungs­verhältnisse1:1|Kartuschen-TypecopaCC|Druckkraft5kN|Spannung18V|Material des GriffsPC/ABS|StandardfarbeSchwarz/Grau","","","'https://www.nexmart.com/media/catalog/ampshare/exopacc-landing-1_0.jpg/normal.jpg","0.257","0.142","0.514","3.4","","",1,"","","","","","",""
"","154476","","Rahmenlänge265mm|Kapazität der Kartusche365mL|Mischungs­verhältnisse3:1|Druckkraft2.70000000000000kN|Spannung18V|Material des GriffsVerstärktes Nylon|Material des KartuschenhaltersStahl|StandardfarbeSchwarz/Rot","","","'https://www.nexmart.com/media/catalog/ampshare/b944k_20side.jpg/normal.jpg","0.287","0.178","0.444","3.5","","",1,"","","","","","",""
"","153190","","Rahmenlänge200mm|Kapazität der Kartusche200mL|Mischungs­verhältnisse1:1|Druckkraft4kN|Spannung18V|Material des GriffsVerstärktes Nylon|Material des KartuschenhaltersStahl|StandardfarbeSchwarz/Rot","","","'https://www.nexmart.com/media/catalog/ampshare/b983m_20side.jpg/normal.jpg","0.287","0.178","0.379","3.5","","",1,"","","","","","",""
"","152611","","Rahmenlänge229mm|Kapazität der Kartusche450mL|Mischungs­verhältnisse2:1|Druckkraft4.45000000000000kN|Spannung18V|Material des GriffsVerstärktes Nylon|Material des KartuschenhaltersStahl|StandardfarbeSchwarz/Rot","","","'https://www.nexmart.com/media/catalog/ampshare/b959m_20side.jpg/normal.jpg","0.287","0.178","0.408","3.5","","",1,"","","","","","",""
"","152602","","Rahmenlänge232mm|Kapazität der Kartusche350mL|Mischungs­verhältnisse10:1|Druckkraft2.80000000000000kN|Spannung18V|Material des GriffsVerstärktes Nylon|Material des KartuschenhaltersStahl|StandardfarbeSchwarz/Rot","","","'https://www.nexmart.com/media/catalog/ampshare/b960m_20side.jpg/normal.jpg","0.287","0.178","0.391","3.4","","",1,"","","","","","",""
"","184356","","Rahmenlänge232mm|Kapazität der Kartusche350mL|Mischungs­verhältnisse10:1|Druckkraft2.80000000000000kN|Spannung18V|Material des GriffsVerstärktes Nylon|Material des KartuschenhaltersStahl|StandardfarbeSchwarz/Rot","","","'https://www.nexmart.com/media/catalog/ampshare/b960m_20side.jpg/normal.jpg","0.287","0.178","0.391","3.4","","",1,"","","","","","",""
"","152603","","Rahmenlänge200mm|Kapazität der Kartusche400mL|Mischungs­verhältnisse1:1|Druckkraft5kN|Spannung18V|Material des GriffsVerstärktes Nylon|Material des KartuschenhaltersStahl|StandardfarbeSchwarz/Rot","","","'https://www.nexmart.com/media/catalog/ampshare/b983m_20side.jpg/normal.jpg","0.287","0.178","0.379","3.5","","",1,"","","","","","",""
"","152605","","Rahmenlänge202mm|Kapazität der Kartusche400mL|Mischungs­verhältnisse2:1|Druckkraft5kN|Spannung18V|Material des GriffsVerstärktes Nylon|Material des KartuschenhaltersStahl|StandardfarbeSchwarz/Rot","","","'https://www.nexmart.com/media/catalog/ampshare/b983m_20side.jpg/normal.jpg","0.287","0.178","0.381","3.5","","",1,"","","","","","",""
"","184370","","Rahmenlänge200mm|Kapazität der Kartusche400mL|Mischungs­verhältnisse1:1|Druckkraft5kN|Spannung18V|Material des GriffsVerstärktes Nylon|Material des KartuschenhaltersStahl|StandardfarbeSchwarz/Rot","","","'https://www.nexmart.com/media/catalog/ampshare/b983m_20side.jpg/normal.jpg","0.287","0.178","0.379","3.5","","",1,"","","","","","",""
"","152897","","Rahmenlänge230mm|Kapazität der Kartusche600mL|Mischungs­verhältnisse1:1|Druckkraft5kN|Spannung18V|Material des GriffsVerstärktes Nylon|Material des KartuschenhaltersStahl|StandardfarbeSchwarz/Rot","","","'https://www.nexmart.com/media/catalog/ampshare/b993_side.png/normal.png","0.287","0.178","0.416","3.7","","",1,"","","","","","",""
"","178345","","Rahmenlänge237mm|Kapazität der Kartusche750mL|Mischungs­verhältnisse4:1|Druckkraft5kN|Spannung18V|Material des GriffsVerstärktes Nylon|Material des KartuschenhaltersStahl|StandardfarbeSchwarz/Rot","","","'https://www.nexmart.com/media/catalog/ampshare/b998m_20side.jpg/normal.jpg","0.287","0.178","0.416","3.7","","",1,"","","","","","",""
"","178350","","Rahmenlänge233mm|Kapazität der Kartusche1500mL|Mischungs­verhältnisse2:1|Druckkraft5kN|Spannung18V|Material des GriffsVerstärktes Nylon|Material des KartuschenhaltersStahl|StandardfarbeSchwarz/Rot","","","'https://www.nexmart.com/media/catalog/ampshare/b999m_side.jpg/normal.jpg","0.287","0.178","0.412","4.2","","",1,"","","","","","",""
"","152616","","Rahmenlänge233mm|Kapazität der Kartusche1500mL|Mischungs­verhältnisse1:1|Druckkraft5kN|Spannung18V|Material des GriffsVerstärktes Nylon|Material des KartuschenhaltersStahl|StandardfarbeSchwarz/Rot","","","'https://www.nexmart.com/media/catalog/ampshare/b999m_side.jpg/normal.jpg","0.287","0.178","0.412","4.2","","",1,"","","","","","",""
"","184382","","Rahmenlänge233mm|Kapazität der Kartusche1500mL|Mischungs­verhältnisse1:1|Druckkraft5kN|Spannung18V|Material des GriffsVerstärktes Nylon|Material des KartuschenhaltersStahl|StandardfarbeSchwarz/Rot","","","'https://www.nexmart.com/media/catalog/ampshare/b999m_side.jpg/normal.jpg","0.287","0.178","0.412","4.2","","",1,"","","","","","",""
